,ShoulderDiam,AbdomenDiam,HipsDiam,ChestDiam,ElbowDiam,WristDiam,KneeDiam,AnkleDiam,ShoulderCircum,ChestCircum,WaistCircum,AbdomenCircum,HipCircum,ThighCircum,BicepCircum,ForearmCircum,KneeCircum,CalfCircum,AnkleCircum,WristCircum,Age,Weight,Height,Gender,BMI,BodyFat,SommaPliche,Endomorfism,Mesomorfism,Ectomorfism
0,23.6,14.3,17.33,15.4,7.21,5.72,10.34,7.76,106.2,89.5,71.5,74.5,93.5,51.5,32.5,26.0,34.5,36.5,23.5,16.5,21,65.6,174.0,1,21.67,8.9,47.02,4,5,3
1,24.04,15.68,18.43,16.94,7.7,6.49,11.33,8.3,110.5,97.0,79.0,86.5,94.8,51.5,34.4,28.0,36.5,37.5,24.5,17.0,23,71.8,175.3,1,23.36,12.91,70.96,5,6,2
2,22.06,15.51,18.32,17.44,7.65,6.0,10.84,7.76,115.1,97.5,83.2,82.9,95.0,57.3,33.4,28.8,37.0,37.3,21.9,16.9,28,80.7,193.5,1,21.55,9.4,50.56,4,4,4
3,24.37,16.45,18.7,15.51,7.65,6.16,11.5,8.25,104.5,97.0,77.8,78.8,94.0,53.0,31.0,26.2,37.0,34.8,23.0,16.6,23,72.6,186.5,1,20.87,7.91,41.34,3,4,4
4,23.38,16.45,18.7,16.17,8.36,6.38,11.38,8.2,107.5,97.5,80.0,82.5,98.5,55.4,32.0,28.4,37.7,38.6,24.4,18.0,22,78.8,187.2,1,22.49,10.36,56.44,4,5,3
5,23.82,14.85,17.33,17.22,7.7,6.33,10.34,7.65,119.8,99.9,82.5,80.1,95.3,57.5,33.0,28.0,36.6,36.1,23.5,16.9,21,74.8,181.5,1,22.71,10.32,56.09,4,5,2
6,23.93,16.5,18.7,17.44,8.86,6.88,11.44,8.58,123.5,106.9,82.0,84.0,101.0,60.9,42.4,32.3,40.1,40.3,23.6,18.8,26,86.4,184.0,1,25.52,14.39,81.29,6,8,1
7,24.42,16.39,18.26,15.84,8.3,6.55,11.55,8.03,120.4,102.5,76.8,80.5,98.0,56.0,34.1,28.0,39.2,36.7,22.5,18.0,27,78.4,184.5,1,23.03,11.04,60.54,4,6,2
8,23.93,14.58,17.66,15.13,7.76,6.16,10.39,7.26,111.0,91.0,68.5,69.0,89.5,50.0,33.0,26.0,35.5,35.0,22.0,16.5,23,62.0,175.0,1,20.24,6.18,30.61,2,6,3
9,23.1,15.4,18.7,15.4,8.58,6.6,11.61,8.25,119.5,93.5,77.5,81.5,99.8,59.8,36.5,29.2,38.3,38.6,22.2,16.9,21,81.6,184.0,1,24.1,12.38,68.87,5,7,2
10,22.16,15.95,18.15,16.67,7.37,5.72,10.67,7.98,117.1,97.7,81.9,81.0,98.4,60.5,34.6,27.9,38.9,40.1,23.2,16.2,23,76.6,180.0,1,23.64,12.01,66.27,5,6,2
11,24.04,15.95,17.22,16.34,8.25,6.44,11.5,8.8,123.5,99.5,82.6,82.5,95.0,58.5,38.5,30.4,39.0,38.4,24.3,18.2,22,83.6,177.8,1,26.44,15.54,88.17,6,7,1
12,26.07,16.28,19.64,17.27,8.86,6.22,11.83,8.47,116.5,103.0,85.0,94.5,103.0,59.0,33.5,29.0,40.5,40.0,26.0,18.0,20,90.0,192.0,1,24.41,14.02,78.77,5,6,2
13,22.16,15.13,17.27,15.4,7.32,5.67,10.34,7.26,113.0,99.6,85.6,89.2,98.0,59.1,35.6,29.0,35.8,36.0,21.5,16.6,26,74.6,176.0,1,24.08,14.43,80.13,6,5,2
14,22.55,14.74,17.71,15.73,8.2,5.83,9.79,7.7,107.5,101.5,78.0,89.5,95.0,57.0,36.0,29.0,34.5,35.0,22.0,16.5,23,71.0,174.0,1,23.45,13.45,74.05,6,6,2
15,24.75,14.85,18.26,16.83,7.54,6.11,11.38,7.7,112.0,104.1,82.0,84.0,97.0,56.0,34.5,29.5,39.0,35.7,24.0,17.5,22,79.6,184.0,1,23.51,11.74,64.81,5,5,2
16,21.95,16.5,18.98,16.17,8.58,6.55,11.66,8.8,112.2,100.0,88.3,93.5,105.0,65.8,37.0,28.8,40.9,41.7,24.2,17.8,30,93.8,192.7,1,25.26,15.75,89.19,6,6,2
17,23.65,14.58,16.67,16.5,8.14,6.16,10.84,8.09,120.0,93.8,73.6,74.9,90.1,54.1,31.2,26.9,36.4,35.6,22.0,17.1,22,70.0,171.5,1,23.8,11.57,63.49,5,6,1
18,23.71,15.73,18.37,16.23,8.2,6.71,11.44,8.14,109.0,98.5,78.5,86.0,94.5,55.0,34.5,28.5,38.0,36.5,23.0,18.5,29,72.4,173.0,1,24.19,14.42,80.0,6,7,1
19,23.98,16.12,18.92,17.93,8.47,6.0,11.38,8.53,118.5,104.0,87.3,88.0,101.1,59.5,37.0,30.5,39.8,42.0,26.5,18.8,22,85.9,176.0,1,27.73,18.17,103.88,7,8,0
20,23.1,15.13,16.89,17.6,7.21,6.11,10.56,7.65,116.0,100.0,92.0,91.0,98.0,57.5,32.0,27.6,37.5,35.2,21.0,17.3,22,78.8,176.0,1,25.44,16.02,90.12,7,5,1
21,24.09,15.4,18.32,17.6,8.25,6.33,11.22,7.92,111.0,100.0,80.0,83.7,99.5,57.0,37.0,30.0,37.5,35.5,23.0,18.0,20,77.8,180.5,1,23.88,12.41,68.73,5,6,2
22,23.27,14.52,17.16,17.0,8.03,5.94,10.23,7.59,117.7,99.0,74.5,75.9,92.2,53.4,31.2,26.9,36.2,33.3,23.5,16.0,22,66.2,172.7,1,22.2,9.55,50.98,4,5,2
23,23.49,16.45,19.25,18.04,7.87,6.16,10.89,7.76,123.9,101.0,90.6,89.6,101.2,59.5,37.0,28.3,35.4,40.6,22.9,17.0,24,86.4,176.0,1,27.89,18.94,108.35,8,7,0
24,24.64,15.29,17.71,17.33,8.36,6.38,10.67,8.09,120.6,101.6,81.4,81.6,98.8,61.3,39.4,31.9,38.5,41.2,22.8,18.2,26,81.8,173.5,1,27.17,16.96,96.51,7,8,0
25,25.3,16.56,18.98,17.11,9.02,7.32,12.21,8.2,129.5,108.8,89.5,89.5,106.0,59.5,37.5,30.1,39.9,41.5,23.5,19.0,24,89.6,178.0,1,28.28,19.0,109.09,7,9,0
26,24.97,17.49,19.36,17.77,8.03,5.78,11.11,8.42,115.0,100.0,85.0,94.5,105.0,62.0,35.5,28.5,38.0,40.0,23.5,16.7,21,82.8,180.3,1,25.47,16.42,92.59,7,6,1
27,22.28,15.57,18.37,15.84,8.03,6.11,11.44,7.98,116.0,88.0,73.5,77.7,97.0,56.3,32.5,27.8,39.0,38.2,23.5,17.8,24,76.4,180.3,1,23.5,11.68,64.3,5,6,2
28,21.67,14.03,16.61,15.24,7.15,5.61,10.39,7.26,107.8,88.7,75.8,83.0,89.0,52.6,31.2,26.5,37.0,37.4,21.5,16.5,23,63.2,164.5,1,23.36,13.12,71.73,6,6,1
29,22.11,14.96,17.44,14.58,7.32,5.56,10.23,7.26,100.2,84.5,74.0,81.0,93.5,50.5,27.5,24.8,34.0,32.8,21.0,15.6,19,60.9,173.0,1,20.35,8.52,43.9,3,4,3
30,24.31,16.67,19.09,16.5,8.2,6.05,10.51,8.69,113.0,93.6,77.5,82.1,95.0,56.5,32.8,26.2,37.6,36.3,21.0,16.6,23,74.8,183.5,1,22.21,10.38,56.18,4,5,3
31,22.55,12.98,16.61,15.4,7.87,6.16,10.01,7.7,117.9,105.0,74.0,72.0,90.0,54.2,34.1,28.6,36.2,36.6,22.4,17.2,25,70.0,175.5,1,22.73,9.31,50.13,4,6,2
32,24.2,17.05,19.41,17.05,8.36,6.27,11.66,8.3,112.5,90.9,74.0,78.8,96.4,51.8,29.8,27.0,36.4,34.6,22.9,17.0,23,72.4,188.0,1,20.48,7.67,39.79,3,4,4
33,22.88,17.6,19.41,14.85,8.53,6.22,11.5,8.25,110.5,91.2,82.0,89.5,100.0,57.5,32.8,28.0,40.7,40.1,24.3,17.2,23,84.1,189.2,1,23.49,12.97,72.05,5,6,3
34,22.55,13.81,17.55,15.35,7.48,5.94,10.34,7.1,112.0,98.4,73.0,83.0,95.4,56.3,36.4,27.5,37.2,34.5,21.8,16.9,23,69.1,172.8,1,23.14,12.13,66.3,5,6,2
35,22.83,13.48,16.78,14.69,7.32,5.94,10.23,7.7,104.0,85.0,70.5,84.0,90.0,50.0,29.0,26.0,36.0,34.5,21.5,17.0,20,59.5,170.0,1,20.59,9.47,49.34,4,5,3
36,22.61,15.29,17.27,17.33,7.98,6.55,10.18,7.15,114.8,97.2,75.0,77.2,91.3,49.5,31.0,26.1,36.3,35.1,21.0,17.0,22,67.2,182.0,1,20.29,7.04,35.81,3,4,4
37,21.34,14.96,17.38,14.03,7.37,5.94,10.45,7.7,108.0,91.5,72.1,79.2,91.0,54.9,29.5,24.5,36.1,37.2,22.9,16.0,24,61.3,170.0,1,21.21,9.5,49.93,4,6,2
38,19.91,15.13,16.72,15.4,7.48,5.94,10.45,8.47,111.2,91.2,78.8,78.0,93.2,55.8,31.9,27.4,36.4,35.1,23.0,16.8,22,68.6,177.8,1,21.7,9.36,49.8,4,5,3
39,23.16,15.13,17.82,15.4,8.91,6.6,11.55,9.02,118.3,101.1,77.5,78.0,97.0,55.0,37.7,29.9,38.3,39.6,23.3,18.7,24,80.1,184.2,1,23.61,11.07,61.08,5,7,2
40,22.16,16.17,18.1,17.33,8.03,6.22,10.89,8.36,115.2,104.3,91.5,93.2,103.9,62.0,36.3,29.0,36.7,39.4,23.1,17.6,21,87.8,186.7,1,25.19,15.16,85.51,6,6,2
41,22.94,14.91,17.93,15.4,7.76,6.33,10.84,7.59,129.9,110.8,84.9,83.0,102.6,66.4,42.3,30.9,37.0,37.7,22.6,17.5,23,84.7,171.4,1,28.83,18.88,108.45,8,8,0
42,20.79,14.91,17.33,15.02,8.03,5.94,10.73,8.2,112.9,96.3,79.1,78.3,97.1,60.1,35.5,28.8,36.9,38.2,23.4,16.7,24,73.4,172.7,1,24.61,13.31,73.99,6,7,1
43,21.56,14.36,16.94,16.45,7.87,6.16,11.0,8.8,112.2,102.7,77.9,77.9,90.7,56.7,35.4,28.3,35.6,35.5,22.9,17.0,35,72.1,175.3,1,23.46,12.21,67.09,5,6,2
44,22.83,16.94,18.32,16.83,8.14,6.22,11.11,8.8,117.1,103.9,91.7,89.4,101.8,61.0,35.7,29.4,37.7,40.0,22.2,17.9,29,82.6,180.3,1,25.41,15.9,89.61,6,7,1
45,23.38,15.29,18.43,16.61,8.75,7.04,12.32,8.97,118.7,105.6,86.6,87.3,103.9,63.2,37.8,29.7,39.0,40.2,24.3,18.9,25,88.7,182.9,1,26.52,16.26,92.52,7,8,1
46,21.67,14.36,18.92,15.02,8.3,5.83,11.0,8.42,109.2,95.8,84.7,84.0,101.4,60.0,35.0,28.5,38.4,37.9,23.2,16.8,23,84.1,188.0,1,23.79,12.29,68.3,5,5,2
47,23.98,18.21,18.43,18.21,8.58,6.6,11.38,9.08,128.1,111.2,90.3,93.5,108.7,66.9,40.2,32.4,39.2,40.1,25.7,17.7,20,94.1,177.2,1,29.97,21.43,124.01,8,8,0
48,21.39,13.7,15.79,14.74,7.81,5.61,9.9,7.92,113.3,100.0,79.7,87.1,98.4,61.1,36.3,28.6,34.5,36.1,21.4,16.3,25,74.9,172.1,1,25.29,15.7,88.02,7,6,1
49,20.68,13.42,15.4,14.52,7.81,5.83,9.52,7.37,108.4,91.6,73.1,75.4,86.5,50.6,30.8,26.1,31.7,33.6,20.3,15.8,29,59.1,167.0,1,21.19,9.27,48.5,4,5,2
50,21.67,15.57,16.83,15.79,8.25,6.33,10.12,7.92,118.7,108.0,79.8,82.5,94.8,58.3,39.8,29.6,34.2,38.1,21.1,16.9,23,75.6,169.5,1,26.31,15.78,89.03,7,8,0
51,21.18,14.36,16.94,16.94,8.3,6.27,10.89,7.81,126.3,109.6,81.6,86.5,100.9,61.7,39.5,31.7,38.8,36.5,22.7,17.9,23,86.2,174.0,1,28.47,18.84,108.08,8,7,0
52,22.06,15.29,18.21,17.22,8.47,6.33,11.33,8.47,124.2,105.7,76.8,83.4,98.0,56.8,37.9,30.9,35.9,38.3,23.4,17.3,36,75.3,172.7,1,25.25,15.66,87.77,7,8,1
53,22.16,15.4,17.6,17.44,8.14,5.83,10.67,8.25,126.7,109.1,85.9,90.4,100.9,61.3,40.1,30.0,36.8,38.6,21.9,16.4,25,87.1,182.2,1,26.24,16.34,92.73,7,7,1
54,20.68,14.63,16.45,14.08,7.04,5.5,9.35,7.15,103.3,88.8,73.3,77.9,85.7,46.9,30.5,24.8,31.1,30.5,19.0,15.0,24,55.2,164.1,1,20.5,8.64,44.31,4,4,2
55,21.07,13.86,16.61,14.52,7.26,5.72,10.34,7.15,101.2,86.1,69.9,67.4,84.1,50.8,31.5,26.6,32.8,36.3,20.0,15.8,20,57.0,163.0,1,21.45,7.78,40.02,3,7,2
56,21.84,15.73,17.66,14.91,7.37,5.5,10.01,8.14,104.3,91.3,72.7,83.2,91.4,51.2,27.8,26.0,34.8,34.7,21.1,15.3,52,61.4,171.5,1,20.88,12.12,64.65,5,4,3
57,23.21,15.95,18.54,16.72,8.58,6.6,10.89,8.91,113.2,100.6,82.7,83.5,98.0,55.8,33.1,28.0,37.9,39.1,23.2,17.7,50,76.8,184.2,1,22.64,13.16,72.31,5,6,3
58,22.61,16.72,19.31,17.93,8.53,6.38,11.83,8.47,121.9,105.5,90.1,89.2,104.5,62.7,36.3,29.6,38.4,42.4,25.3,17.5,46,86.8,174.0,1,28.67,21.76,124.79,8,8,0
59,22.28,16.12,18.54,16.39,7.59,6.44,10.84,7.92,113.1,97.5,82.9,83.6,95.8,52.6,34.5,27.0,35.2,35.2,21.4,16.5,51,72.2,174.0,1,23.85,15.45,85.69,6,6,2
60,22.83,15.73,16.72,14.79,8.14,6.16,11.38,9.08,108.5,94.4,77.9,79.0,91.7,57.1,31.2,27.5,36.6,37.5,21.6,16.1,28,71.6,177.0,1,22.85,11.32,61.68,5,6,2
61,23.87,17.82,20.02,17.66,8.58,6.6,11.44,8.97,113.9,99.6,92.5,96.2,103.4,58.5,34.5,28.4,38.4,38.0,22.4,17.2,48,84.8,186.0,1,24.51,17.44,97.95,7,6,2
62,23.93,14.3,17.38,17.0,7.87,6.27,10.73,8.03,112.6,98.1,77.8,77.2,90.0,52.4,33.2,26.4,34.2,36.0,21.8,17.5,35,68.2,167.0,1,24.45,14.01,77.59,6,7,1
63,22.71,14.91,17.82,15.18,7.76,5.94,11.11,8.53,110.2,93.6,72.7,77.3,91.7,51.9,32.1,27.4,33.5,33.8,21.1,16.9,23,66.1,171.8,1,22.4,10.38,55.79,4,6,2
64,22.16,16.23,18.32,14.41,7.7,6.05,10.67,8.14,108.7,93.4,75.0,79.2,94.0,53.8,34.2,27.9,36.1,36.2,22.0,17.5,23,72.0,182.0,1,21.74,9.39,50.15,4,5,3
65,19.96,16.06,18.15,15.95,7.76,6.44,11.22,7.87,104.0,92.0,76.0,83.0,93.0,54.5,29.5,26.0,37.0,34.5,22.8,17.4,62,64.6,167.0,1,23.16,16.02,88.16,7,6,1
66,21.95,15.57,17.6,17.27,7.43,6.27,10.39,7.92,115.2,99.2,82.7,84.2,93.0,56.6,32.4,27.6,35.8,36.3,21.8,16.7,21,74.8,177.8,1,23.66,12.4,68.38,5,5,2
67,21.89,15.84,18.15,15.79,6.82,5.88,10.18,7.26,111.9,97.6,80.0,85.7,97.4,57.8,33.8,28.6,36.2,37.4,22.0,17.2,26,70.0,164.5,1,25.87,16.87,94.68,7,6,0
68,23.93,18.26,18.7,18.86,8.69,6.6,10.23,7.26,127.0,108.8,107.1,107.2,108.3,67.0,39.6,30.6,40.0,39.6,24.6,17.7,33,101.6,192.0,1,27.56,20.78,119.35,8,5,1
69,22.66,14.63,16.83,15.4,7.21,5.72,10.45,7.59,111.2,91.9,76.2,78.1,90.0,52.0,30.7,25.8,34.8,32.6,21.0,16.1,36,63.2,175.5,1,20.52,9.17,47.83,4,4,3
70,24.2,15.62,17.6,16.34,8.2,6.0,11.55,8.14,122.0,105.2,90.2,88.6,100.2,60.8,35.7,29.4,39.2,39.1,24.5,17.9,41,79.1,171.2,1,26.99,19.32,109.68,8,8,0
71,22.99,15.68,17.38,17.33,7.32,5.67,10.39,7.87,114.5,98.3,89.4,87.4,97.7,54.8,31.0,26.0,36.4,35.6,21.6,16.6,40,78.9,181.6,1,23.92,14.77,82.21,6,4,2
72,23.6,15.13,16.67,16.28,6.93,5.72,10.56,7.59,109.5,92.5,80.9,78.5,96.0,59.0,31.5,26.3,36.1,39.0,21.2,15.6,27,67.7,167.4,1,24.16,13.51,74.61,6,6,1
73,21.29,13.53,15.68,16.39,7.7,6.16,10.39,7.48,110.8,92.5,73.5,76.4,92.0,53.1,30.6,27.1,36.0,36.0,23.8,17.5,27,66.0,181.1,1,20.12,7.38,37.58,3,4,4
74,22.77,14.52,17.77,17.22,8.2,6.33,10.39,8.03,118.8,101.6,70.9,76.7,95.3,56.0,36.0,28.6,36.0,34.0,22.0,17.0,23,68.2,177.0,1,21.77,8.98,47.65,4,6,3
75,21.78,15.13,16.61,15.9,7.43,5.72,10.62,7.81,108.0,94.6,76.1,78.0,86.3,52.4,28.6,23.9,34.5,37.9,22.7,15.8,31,63.9,174.5,1,20.99,9.16,48.0,4,5,3
76,22.28,15.13,17.77,15.84,6.93,5.83,10.12,7.7,114.3,92.5,81.0,85.2,92.5,54.7,32.3,26.8,35.8,37.6,21.1,15.8,26,72.0,177.5,1,22.85,12.3,67.28,5,4,2
77,18.76,15.46,16.56,14.19,7.1,5.45,10.23,6.77,105.4,88.2,72.0,72.0,85.5,50.2,28.6,24.8,34.9,35.1,20.1,15.4,23,56.8,170.5,1,19.54,6.07,29.3,2,5,3
78,23.93,15.84,18.7,15.95,7.87,5.78,10.89,7.81,115.0,91.0,76.8,80.0,94.5,54.6,33.2,28.0,37.5,35.6,22.1,16.3,24,74.5,182.4,1,22.39,10.47,56.74,4,5,3
79,24.26,16.06,19.41,17.0,8.69,6.88,11.11,8.36,119.5,106.0,86.0,92.0,103.0,60.6,34.0,29.8,38.8,39.5,23.6,18.0,24,90.9,197.1,1,23.4,12.27,68.36,5,5,3
80,23.21,17.93,20.13,18.98,7.76,6.11,10.01,7.65,130.0,115.0,98.5,106.6,116.5,67.8,35.8,27.2,38.0,41.2,23.3,16.0,34,93.0,180.1,1,28.67,23.13,132.91,8,5,0
81,23.21,16.56,17.27,16.34,7.7,6.38,11.88,7.76,113.3,100.0,79.0,82.5,98.5,62.1,34.0,28.8,39.6,40.8,25.9,18.0,21,80.9,175.5,1,26.27,15.49,87.62,6,7,1
82,23.65,14.58,17.38,16.23,7.37,5.72,10.34,7.48,113.2,94.7,77.5,80.5,92.0,54.2,30.9,26.6,36.5,35.8,21.3,16.5,25,72.7,180.6,1,22.29,10.43,56.38,4,4,3
83,21.89,15.79,18.32,16.06,7.43,6.38,10.73,8.03,106.9,92.5,75.2,80.2,91.6,49.6,29.2,26.1,36.2,35.7,22.1,16.7,34,68.0,184.4,1,20.0,8.32,42.98,3,4,4
84,20.74,16.34,17.99,15.84,7.32,6.11,10.07,7.26,113.8,96.7,82.0,82.2,92.7,54.6,32.0,27.1,35.6,36.4,20.7,16.2,31,70.9,175.5,1,23.02,12.36,67.65,5,5,2
85,21.78,15.35,18.32,16.23,6.93,5.88,10.18,7.1,117.3,97.4,79.6,80.8,95.0,54.2,32.6,27.4,36.5,38.0,21.6,16.6,40,72.5,180.6,1,22.23,11.65,63.26,5,4,3
86,23.76,14.47,16.78,16.83,7.92,6.77,11.11,7.48,124.2,106.7,75.2,77.8,94.5,57.4,36.7,29.9,38.1,36.0,22.6,17.3,21,72.5,177.0,1,23.14,10.43,56.84,4,7,2
87,24.37,15.51,17.71,17.49,7.81,6.38,11.0,7.92,123.0,106.2,88.6,88.3,100.5,63.4,36.9,29.4,38.4,38.6,23.1,17.3,33,83.4,177.1,1,26.59,17.59,99.88,7,7,1
88,23.82,15.51,18.15,17.38,7.59,6.11,9.79,7.26,117.8,103.6,81.5,83.3,91.8,55.0,33.0,27.8,35.4,36.5,21.9,16.4,25,75.5,181.6,1,22.89,11.22,61.31,5,4,2
89,23.54,15.13,17.33,17.49,7.76,6.11,10.51,8.09,118.8,98.3,79.9,82.4,87.5,54.4,33.5,27.3,36.8,37.9,22.3,16.6,29,73.0,176.5,1,23.43,12.49,68.67,5,6,2
90,22.83,16.5,18.37,16.17,8.14,6.05,10.89,7.59,112.0,87.8,73.5,77.5,94.9,53.5,34.3,28.5,36.5,35.2,22.0,17.0,27,70.2,175.0,1,22.92,11.51,62.71,5,6,2
91,23.1,15.18,17.71,16.17,7.65,5.5,10.29,7.59,113.0,99.8,80.3,80.8,93.0,55.4,33.3,28.0,36.0,37.8,20.3,16.5,44,73.4,174.0,1,24.24,14.69,81.63,6,6,1
92,22.66,14.91,16.39,17.05,7.1,6.38,10.34,7.43,116.0,104.6,81.5,85.0,92.0,54.1,33.0,28.0,35.1,35.2,21.1,16.3,26,70.5,165.1,1,25.86,16.3,91.49,7,6,0
93,24.09,16.23,17.16,16.23,7.21,5.67,10.51,7.26,112.8,86.5,74.0,76.5,91.3,53.5,30.5,26.1,36.6,38.6,21.2,16.0,22,68.9,177.0,1,21.99,9.64,51.52,4,5,3
94,25.41,17.05,19.8,18.21,8.03,6.6,11.5,8.3,125.0,110.0,104.0,99.0,111.7,63.2,37.5,29.0,41.2,39.3,24.6,18.6,37,102.3,192.0,1,27.75,19.91,114.57,7,5,1
95,22.22,15.73,17.27,15.18,7.65,5.56,11.0,7.37,108.3,93.2,76.2,83.8,92.8,55.2,31.2,26.2,36.8,37.7,22.7,16.2,38,68.4,176.5,1,21.96,12.04,65.14,5,6,3
96,22.44,14.91,16.17,16.17,7.32,5.72,10.18,7.04,108.2,90.0,76.5,77.7,91.2,54.2,33.1,27.2,35.5,35.3,21.5,16.2,20,65.9,169.4,1,22.96,11.16,60.53,5,6,2
97,24.14,14.85,18.43,17.05,7.26,5.72,10.51,7.21,113.0,98.4,81.0,80.5,96.2,56.0,32.0,27.4,37.0,35.5,24.0,16.5,21,75.7,182.1,1,22.83,10.57,57.65,4,4,2
98,24.31,15.35,17.6,18.1,7.87,6.05,11.61,8.2,115.0,107.2,88.8,86.8,100.0,61.0,34.6,27.9,38.0,39.4,23.2,17.0,24,84.5,179.8,1,26.14,15.75,89.23,6,6,1
99,22.88,15.4,19.25,17.05,7.37,6.16,11.33,7.92,123.0,108.3,94.0,98.0,108.2,66.8,35.6,27.3,39.5,43.0,25.3,17.7,45,87.7,175.3,1,28.54,22.92,131.37,9,7,0
100,20.96,16.56,18.26,17.22,7.81,6.77,10.56,8.36,120.2,105.7,83.4,86.5,101.1,61.3,34.7,29.4,39.4,41.8,24.0,17.8,25,86.4,184.9,1,25.27,14.44,81.41,6,5,2
101,23.1,15.4,18.15,15.62,7.87,6.11,11.11,8.36,114.0,88.5,77.0,79.0,93.0,51.7,33.5,27.9,38.4,38.5,22.5,17.5,22,73.2,177.3,1,23.29,11.57,63.41,5,6,2
102,20.35,15.02,17.11,13.75,7.26,5.78,10.29,7.37,102.9,79.3,75.4,78.0,88.6,50.0,25.6,22.7,33.8,32.5,21.2,14.6,29,53.9,167.4,1,19.23,7.8,38.82,3,4,3
103,22.88,15.13,17.6,16.23,7.59,5.88,10.45,7.65,112.5,90.9,80.3,80.8,92.8,53.9,32.5,28.0,36.5,35.0,21.0,16.4,37,72.0,178.1,1,22.7,12.31,67.25,5,5,2
104,22.06,10.67,15.4,14.74,7.15,5.83,9.29,6.93,104.5,90.2,68.0,67.0,81.5,49.5,27.0,23.6,34.0,34.5,20.9,16.0,20,55.5,168.9,1,19.46,4.72,21.55,1,4,3
105,21.29,13.86,15.84,14.08,7.15,5.61,9.85,7.43,111.3,91.6,80.6,78.0,91.3,55.0,30.7,25.3,35.5,34.0,20.8,16.4,20,58.4,157.2,1,23.63,12.67,69.06,6,6,1
106,20.57,16.45,18.43,16.94,7.92,6.33,11.28,9.24,117.2,105.2,88.6,94.7,94.7,58.3,36.9,28.8,40.3,39.7,26.3,18.1,32,83.2,180.3,1,25.59,17.1,96.55,7,7,1
107,22.94,15.4,18.1,16.34,8.03,6.05,10.73,8.42,112.8,97.0,81.1,88.2,93.9,53.5,33.7,28.6,35.0,37.3,23.1,16.7,23,72.7,170.2,1,25.1,15.64,87.45,7,7,1
108,20.9,14.91,15.57,14.25,7.59,6.05,10.39,8.14,104.8,85.3,70.8,84.9,89.4,55.8,28.7,25.5,38.5,34.2,21.3,15.6,25,64.1,177.8,1,20.28,9.28,48.35,4,4,3
109,22.28,13.7,16.34,16.61,7.92,6.49,10.73,8.2,117.7,99.6,73.3,82.1,89.3,55.4,36.3,32.5,34.3,34.3,22.3,18.4,27,72.3,172.7,1,24.24,13.48,74.71,6,6,1
110,19.58,15.68,16.17,13.86,7.7,5.94,10.51,8.25,107.7,94.3,75.9,79.1,92.6,54.4,33.2,27.9,34.8,35.5,23.0,16.3,21,65.0,165.1,1,23.85,12.71,69.73,6,7,1
111,23.98,16.61,17.82,18.21,8.36,6.22,10.89,8.36,125.2,111.8,86.2,93.5,96.3,59.1,36.3,28.0,38.3,34.7,23.0,16.1,27,86.4,186.7,1,24.79,14.79,83.17,6,5,2
112,20.68,13.42,15.57,13.59,7.1,5.94,9.9,7.87,109.1,94.3,75.0,82.2,88.0,53.8,36.3,28.9,34.5,33.5,23.0,17.1,25,65.0,165.1,1,23.85,13.49,74.19,6,6,1
113,22.61,17.44,18.81,18.7,7.59,6.49,10.67,8.47,122.6,106.1,101.0,99.7,105.5,60.2,38.6,30.3,39.5,39.4,25.6,18.3,38,88.6,174.0,1,29.26,23.65,135.94,9,7,0
114,23.16,16.83,18.7,16.83,8.25,6.27,11.11,8.47,117.3,102.0,90.0,92.3,102.3,60.0,34.6,29.7,38.2,38.3,23.7,18.0,44,84.1,175.3,1,27.37,20.53,116.99,8,7,0
115,22.28,15.57,17.82,15.29,7.37,6.05,10.45,7.98,109.1,94.8,75.0,79.6,91.6,49.4,30.0,26.5,31.7,30.2,16.4,16.1,27,66.8,185.4,1,19.43,6.82,34.13,2,3,4
116,22.5,15.68,17.22,16.34,7.87,6.44,10.45,8.58,116.7,102.9,75.9,77.0,93.4,55.0,35.2,28.7,37.0,37.7,24.5,17.3,37,75.5,177.8,1,23.88,12.62,69.78,5,6,2
117,23.65,16.83,18.59,19.41,8.58,6.6,11.88,9.02,124.9,115.8,96.0,95.9,103.6,62.2,38.2,30.1,41.2,39.4,25.1,17.7,28,93.2,180.3,1,28.67,20.39,117.36,8,8,0
118,22.28,15.29,17.11,16.83,8.25,6.38,11.22,8.36,118.6,105.4,84.0,90.4,94.8,57.6,38.7,30.2,38.6,38.2,22.8,18.2,33,82.7,180.3,1,25.44,16.24,91.56,7,7,1
119,23.05,13.97,16.61,14.74,6.93,5.39,10.34,7.48,108.8,87.1,67.1,80.4,85.9,46.8,30.3,25.4,32.7,32.1,20.0,15.3,25,58.0,177.8,1,18.35,6.03,28.56,2,4,5
120,23.16,15.68,18.21,16.83,8.58,6.71,10.84,8.58,121.9,104.1,82.5,90.1,98.4,57.7,37.9,31.6,37.8,38.3,24.6,18.1,21,79.5,177.8,1,25.15,15.14,85.0,6,7,1
121,24.09,16.06,17.93,16.72,8.03,6.44,11.0,8.36,117.3,95.8,83.7,84.2,98.4,56.2,33.7,28.0,38.0,39.6,25.8,17.6,30,78.6,177.8,1,24.86,14.86,83.17,6,6,1
122,23.16,15.68,17.44,15.4,7.7,6.22,10.45,7.92,115.0,98.6,76.7,85.8,93.3,56.0,35.7,27.6,34.7,34.6,20.6,16.0,26,71.8,177.8,1,22.71,12.0,65.47,5,5,2
123,23.87,17.6,19.91,19.58,8.86,6.93,12.65,8.97,134.8,118.7,105.2,105.0,115.5,69.9,39.4,32.1,42.2,47.7,27.0,19.2,27,116.4,177.8,1,36.82,32.05,189.05,10,10,0
124,21.29,14.74,17.33,15.29,7.59,5.94,10.01,7.32,113.8,100.9,90.6,93.3,97.7,58.0,34.8,28.0,34.1,35.8,22.2,16.3,33,72.2,163.8,1,26.91,20.05,113.41,8,7,0
125,21.78,15.79,17.82,15.57,8.36,6.49,10.78,8.14,119.4,98.5,85.7,92.9,98.6,55.5,35.3,28.7,39.3,35.9,23.0,17.4,29,83.6,188.0,1,23.65,14.04,78.14,6,5,2
126,23.87,16.83,18.1,15.57,8.25,6.6,11.28,9.46,117.9,96.9,82.5,90.8,94.9,54.4,32.8,28.7,39.2,37.0,27.5,17.9,27,85.5,198.1,1,21.79,10.67,58.16,4,4,4
127,22.28,16.34,17.44,17.93,8.36,6.22,11.66,8.36,127.3,110.7,94.7,92.0,101.3,60.1,37.2,30.9,40.5,40.0,24.2,17.6,34,90.9,175.3,1,29.58,21.93,126.49,8,8,0
128,22.16,16.72,18.81,18.7,7.48,6.6,10.56,7.59,118.8,108.0,105.2,103.4,108.1,60.5,38.0,30.2,36.9,37.7,21.6,18.3,42,85.9,166.4,1,31.02,27.51,158.72,10,7,0
129,24.31,16.83,18.59,17.82,8.42,6.33,11.5,9.08,122.4,109.0,86.0,90.2,98.0,59.5,40.0,31.2,38.3,39.0,25.8,19.5,29,89.1,190.5,1,24.55,13.96,78.44,5,6,2
130,22.71,14.74,17.71,17.11,7.48,6.05,10.51,8.25,111.5,104.2,90.9,92.7,100.2,51.8,30.1,26.8,38.1,36.4,23.2,16.3,41,75.0,166.4,1,27.09,20.58,116.66,8,6,0
131,21.89,14.08,17.22,17.6,7.7,6.16,11.66,9.02,113.2,100.5,92.4,92.4,97.0,50.9,32.9,29.0,37.7,37.7,23.4,17.0,43,77.7,177.8,1,24.58,16.85,94.31,7,6,1
132,22.71,15.95,17.71,16.94,7.92,6.05,10.84,8.69,115.3,105.7,96.5,98.2,97.4,54.3,31.9,28.5,37.7,39.3,24.5,17.1,43,86.4,179.7,1,26.76,20.12,114.48,8,5,1
133,21.39,15.13,18.1,18.32,8.03,6.05,11.28,8.42,122.5,112.4,98.4,101.5,107.9,67.4,39.2,30.5,42.6,40.7,25.3,17.5,29,90.9,172.7,1,30.48,24.61,142.16,9,8,0
134,22.61,14.08,16.45,13.86,7.76,5.88,10.45,8.3,114.4,96.2,76.7,83.5,93.9,50.4,32.1,27.7,36.1,32.9,23.2,17.0,27,73.6,190.5,1,20.28,8.2,42.77,3,3,4
135,22.83,16.83,19.69,15.4,8.25,6.49,11.55,8.58,112.8,97.5,94.8,98.2,98.6,48.3,31.1,27.0,37.7,36.8,24.6,18.4,62,76.4,185.4,1,22.23,16.36,90.24,6,5,3
136,21.18,15.29,17.44,14.52,7.21,6.05,10.12,8.14,112.2,90.9,80.1,79.8,91.3,56.2,32.9,27.2,36.2,33.0,23.0,16.8,33,69.1,168.9,1,24.22,14.2,78.6,6,5,1
137,21.67,16.34,18.21,16.72,7.81,6.38,11.22,8.25,119.4,108.4,97.4,103.7,105.3,55.6,36.6,28.4,38.2,36.6,22.9,18.1,45,84.5,167.6,1,30.08,26.45,152.12,9,7,0
138,22.5,14.36,15.13,15.4,7.26,5.72,10.23,8.14,108.4,94.3,73.7,74.5,88.2,52.3,29.6,26.2,35.2,36.2,21.2,16.2,30,64.5,175.3,1,20.99,8.47,44.15,3,4,3
139,22.61,12.65,16.17,16.83,8.25,5.94,10.62,7.98,122.4,109.1,76.1,90.1,93.3,51.7,37.0,30.6,36.8,37.7,23.6,18.5,20,69.1,170.2,1,23.85,13.69,75.55,6,8,1
140,23.98,15.4,17.82,18.43,8.03,6.44,11.77,8.3,128.8,115.0,95.6,101.9,107.9,64.6,37.1,30.0,41.8,39.6,24.7,18.2,22,108.6,190.5,1,29.93,21.47,124.84,8,5,0
141,21.89,15.95,19.2,15.57,7.87,6.44,10.89,8.47,118.0,104.4,101.0,98.9,103.3,54.4,38.1,29.8,39.7,41.8,25.0,19.6,51,86.4,177.8,1,27.33,21.96,125.21,8,7,0
142,23.16,15.29,17.44,15.79,7.87,6.33,10.78,8.58,116.5,100.1,84.5,84.5,94.4,54.7,33.9,28.6,38.5,37.6,25.0,17.7,34,80.9,190.5,1,22.29,11.1,60.64,4,4,3
143,22.61,14.91,18.59,16.17,7.92,6.82,9.9,8.3,120.4,108.4,98.0,101.8,101.5,56.9,38.2,29.9,37.7,39.2,24.9,17.6,44,87.7,177.8,1,27.74,22.17,126.68,8,6,0
144,24.31,16.72,20.08,17.33,8.47,6.38,11.22,8.47,123.1,107.3,101.6,103.8,110.0,57.8,34.9,28.9,40.3,40.0,23.7,18.1,46,94.5,184.2,1,27.85,22.47,128.77,8,6,1
145,21.39,14.74,17.33,15.95,7.48,5.94,10.39,8.36,117.2,101.8,87.8,90.2,98.4,55.6,33.1,28.4,38.2,37.7,24.5,17.1,34,80.2,176.5,1,25.74,17.17,96.88,7,5,1
146,22.06,15.79,17.71,16.17,8.36,6.49,11.38,8.47,113.0,94.5,80.0,85.0,95.0,52.0,31.5,26.5,36.9,36.4,22.9,17.0,32,72.0,177.8,1,22.78,12.64,69.18,5,6,2
147,21.29,14.74,17.33,15.29,7.1,5.72,9.9,7.87,109.4,91.7,81.8,82.9,98.3,56.3,31.0,25.7,35.0,33.0,22.0,15.5,28,71.4,180.3,1,21.96,11.0,59.38,4,3,3
148,19.58,14.52,16.94,16.17,8.03,6.33,10.78,8.42,105.7,95.9,84.4,86.8,99.0,55.0,30.5,26.4,36.1,38.4,21.3,16.4,31,72.7,171.4,1,24.75,15.72,87.71,7,6,1
149,22.28,14.74,16.83,17.82,8.25,6.49,11.22,8.69,119.7,110.5,85.0,83.5,95.7,59.0,39.2,29.9,37.9,37.7,23.8,17.1,29,84.1,172.7,1,28.2,18.45,105.62,7,8,0
150,22.61,13.97,17.6,15.79,7.87,6.82,10.78,7.87,118.0,104.0,90.0,86.0,96.0,52.5,33.5,29.1,36.0,36.9,23.0,18.0,42,76.8,172.7,1,25.75,17.27,97.24,7,6,1
151,21.29,14.36,16.06,13.7,7.48,5.72,9.68,7.81,104.3,86.8,72.9,73.4,89.5,51.0,29.8,24.8,32.6,33.1,22.1,16.3,29,63.6,177.8,1,20.12,7.35,37.26,3,4,4
152,21.39,14.91,16.72,15.79,8.14,6.44,10.67,8.03,114.1,106.7,81.0,80.2,93.7,54.8,35.5,30.6,36.9,37.3,22.7,16.8,31,80.9,177.8,1,25.59,14.57,82.05,6,6,1
153,21.67,16.34,18.21,17.33,8.58,6.6,10.73,8.14,119.0,102.5,86.5,89.0,97.0,57.0,34.0,28.4,38.0,37.0,22.5,17.4,30,80.9,182.9,1,24.18,14.23,79.37,6,6,2
154,20.68,15.29,17.71,17.22,8.03,6.05,11.83,8.69,113.8,103.0,93.9,98.6,103.6,60.5,34.4,28.5,40.9,40.8,24.6,17.1,27,85.5,170.2,1,29.52,23.25,133.7,9,8,0
155,21.89,14.25,17.22,16.06,7.87,6.16,10.29,7.87,118.0,95.0,77.0,78.0,93.0,52.0,32.6,28.4,34.4,34.4,20.0,16.5,25,68.6,167.6,1,24.42,13.41,74.19,6,6,1
156,22.16,15.02,16.72,15.95,8.25,6.22,10.51,8.03,116.0,99.0,75.0,75.0,90.0,50.6,32.0,27.3,33.8,34.0,22.0,17.0,24,67.7,175.3,1,22.03,9.16,48.79,4,6,2
157,22.16,13.86,16.06,15.68,7.26,5.61,10.39,7.87,108.3,89.7,80.6,80.8,90.0,55.5,28.9,25.0,34.6,37.4,23.0,16.4,33,66.4,165.1,1,24.36,14.8,81.97,6,6,1
158,24.09,16.72,19.2,18.32,8.47,6.38,9.79,8.03,129.2,111.5,100.5,107.3,109.5,61.8,37.4,31.6,41.0,39.7,25.4,18.4,45,102.3,185.4,1,29.76,24.92,144.06,9,5,0
159,22.61,15.29,18.1,14.74,8.03,6.16,10.73,8.69,109.2,94.1,81.2,84.0,91.6,51.5,33.0,27.0,35.2,35.5,23.1,16.3,37,70.5,181.6,1,21.38,10.95,58.74,4,5,3
160,22.94,16.83,19.09,17.6,8.2,5.94,10.39,7.76,124.3,118.3,103.4,106.2,108.5,60.5,35.4,29.7,42.3,40.8,24.8,17.1,44,95.9,172.7,1,32.15,28.54,165.66,10,7,0
161,24.97,16.94,19.58,16.34,8.36,5.94,10.23,8.25,122.6,106.5,90.3,101.1,101.6,57.2,35.4,28.6,40.4,37.8,24.9,17.9,34,84.1,190.5,1,23.17,14.93,83.0,6,5,3
162,23.65,16.94,19.09,17.71,8.8,7.26,10.73,8.86,122.4,110.4,98.0,98.0,99.6,56.7,36.4,29.2,40.9,42.1,26.1,19.5,55,87.3,179.1,1,27.22,21.57,122.99,8,7,1
163,22.61,13.97,16.72,16.45,8.14,5.83,10.29,8.36,114.9,102.3,86.5,87.7,91.9,55.0,35.0,28.9,38.3,37.8,24.0,17.3,43,71.8,175.3,1,23.36,14.55,80.28,6,6,2
164,22.61,16.06,17.33,16.45,8.14,6.05,9.9,8.25,111.1,98.5,77.9,87.3,90.8,50.8,35.0,28.4,35.5,35.0,21.0,16.6,24,65.9,170.2,1,22.75,12.54,68.24,5,6,2
165,24.86,17.71,19.8,18.43,8.69,6.22,11.28,8.14,126.0,111.6,89.1,95.1,104.8,62.7,37.9,31.2,41.1,41.2,27.7,18.1,22,95.9,193.0,1,25.75,15.4,87.58,6,6,2
166,21.89,19.09,19.09,16.61,8.14,5.83,11.33,7.87,115.5,106.7,93.9,111.8,111.4,62.8,36.2,29.7,42.8,39.3,23.5,16.8,38,91.4,171.4,1,31.11,28.4,164.07,10,7,0
167,21.78,15.79,17.6,18.1,7.87,6.33,10.78,8.3,124.7,110.4,85.3,82.9,96.5,57.0,39.0,29.8,36.8,36.0,21.6,17.3,24,81.8,177.8,1,25.88,14.71,83.03,6,6,1
168,23.27,16.61,18.92,17.71,8.36,5.88,10.34,8.14,125.3,114.0,98.5,103.8,108.1,61.3,37.2,31.4,41.9,42.1,26.4,17.9,29,96.8,177.8,1,30.62,24.61,142.54,9,7,0
169,22.5,15.95,17.71,16.06,7.59,5.72,10.12,7.92,118.2,101.8,79.5,90.1,95.3,54.8,34.2,28.5,36.6,36.2,22.8,17.3,25,69.1,167.6,1,24.6,15.54,86.46,7,6,1
170,21.89,15.4,18.81,17.33,7.7,6.05,10.84,7.59,124.3,109.6,94.9,94.7,104.3,59.0,35.9,27.8,37.7,36.8,23.2,16.5,37,82.7,167.6,1,29.44,23.31,133.87,9,7,0
171,23.27,14.91,17.44,16.17,7.92,6.38,11.66,8.69,118.3,100.7,76.5,87.2,96.3,54.2,33.8,27.7,36.4,38.2,23.8,18.2,30,75.5,180.3,1,23.22,13.02,71.73,5,6,2
172,23.27,14.74,17.6,15.79,8.25,6.16,10.12,7.92,122.3,104.3,88.4,89.6,98.8,54.8,35.5,29.7,37.7,37.0,23.7,18.3,26,79.5,182.9,1,23.77,13.47,74.79,5,5,2
173,22.28,15.79,16.72,16.06,7.87,6.16,10.18,7.98,116.5,104.2,84.2,84.0,93.2,55.0,33.0,25.4,35.6,36.4,22.8,15.9,35,73.6,176.5,1,23.63,13.4,74.02,6,5,2
174,23.49,15.68,20.19,16.94,8.69,7.1,10.62,8.8,123.0,107.4,87.6,89.4,106.7,60.9,38.3,31.2,39.0,42.6,25.8,18.8,29,91.8,186.7,1,26.34,16.43,93.51,6,7,1
175,23.98,16.94,18.32,16.34,7.87,6.0,10.78,8.47,117.6,101.0,83.7,91.1,99.9,56.8,33.5,27.7,38.7,41.8,29.3,18.0,30,84.1,188.0,1,23.79,13.9,77.44,6,5,2
176,23.38,17.22,18.21,17.6,8.14,6.22,11.06,8.53,117.5,103.0,92.1,91.3,103.8,56.6,33.3,27.7,37.1,37.4,22.6,17.1,37,85.9,188.0,1,24.3,15.12,84.73,6,5,2
177,22.71,16.94,18.32,15.57,7.15,5.78,10.84,7.37,117.3,107.2,89.9,94.7,107.1,59.2,35.3,26.9,36.6,32.3,22.0,17.1,34,81.8,177.8,1,25.88,18.0,101.74,7,4,1
178,22.71,13.59,19.47,16.61,8.14,6.22,11.22,8.8,114.5,99.0,88.7,91.0,100.0,57.5,34.0,28.3,40.9,38.8,26.4,18.1,28,82.5,174.0,1,27.25,18.97,107.99,8,7,0
179,23.27,14.63,18.32,15.79,7.81,6.11,10.73,7.87,122.9,100.3,83.9,89.4,103.9,59.8,36.1,29.4,37.0,36.5,24.3,18.7,27,80.5,177.8,1,25.46,16.18,91.11,7,6,1
180,20.3,14.25,17.44,15.02,8.14,5.83,10.67,7.87,115.5,100.2,79.5,88.7,95.3,52.5,34.6,25.8,35.6,35.1,21.8,16.3,32,70.0,171.4,1,23.83,14.76,81.62,6,7,1
181,22.16,15.68,19.31,17.6,8.14,6.6,11.66,8.91,116.1,99.8,84.5,92.6,99.5,59.2,34.3,29.0,36.5,38.5,24.5,17.3,28,81.8,185.4,1,23.8,14.22,79.19,6,6,2
182,22.06,14.52,17.6,17.93,8.14,6.6,11.0,8.36,121.6,107.5,89.2,88.4,107.0,56.9,35.6,28.5,37.0,37.6,23.0,17.5,22,84.1,185.4,1,24.47,13.61,76.16,5,6,2
183,23.76,17.22,18.7,17.93,8.63,6.33,11.28,8.36,131.6,110.1,90.7,91.9,101.7,58.0,36.8,29.0,36.9,38.9,24.2,17.9,44,90.5,188.0,1,25.61,16.98,96.2,7,6,2
184,24.75,15.95,18.32,16.94,8.47,6.05,10.34,8.25,124.5,107.0,88.8,97.5,103.8,61.0,36.7,28.6,38.4,39.5,24.4,16.8,25,91.4,188.0,1,25.86,16.81,95.41,7,5,1
185,23.16,16.34,19.58,17.22,7.87,6.05,10.01,8.14,115.6,105.6,103.6,100.7,100.6,55.3,33.6,26.9,37.8,37.9,23.9,17.1,49,89.1,182.9,1,26.63,20.73,118.01,8,4,1
186,22.5,15.79,18.43,16.61,8.69,6.38,10.62,9.24,117.0,103.6,98.5,99.9,103.6,57.5,33.7,29.0,38.7,36.7,24.3,17.7,54,85.0,176.5,1,27.29,22.49,128.11,8,6,0
187,22.71,15.02,17.71,15.57,7.59,6.27,9.9,7.15,108.6,97.1,82.9,88.1,91.2,51.7,30.7,25.7,33.9,33.4,21.2,16.7,49,69.1,175.3,1,22.49,14.26,78.02,6,4,2
188,23.16,16.34,18.1,16.94,8.42,6.33,10.56,8.03,120.2,109.8,90.5,92.3,95.2,52.4,35.8,28.7,32.5,36.5,23.7,17.5,60,73.6,175.3,1,23.95,17.29,96.27,7,7,2
189,24.86,16.34,18.59,17.6,8.53,6.49,10.78,8.86,116.2,103.3,84.5,94.5,98.2,53.7,32.5,27.8,36.0,36.3,22.0,17.7,42,80.5,188.0,1,22.78,14.23,78.61,6,5,3
190,23.16,17.11,19.2,17.22,8.36,6.05,10.45,7.92,115.4,103.7,86.0,93.8,97.1,53.1,33.9,27.3,35.7,36.6,22.6,17.5,52,82.7,188.0,1,23.4,15.62,86.98,6,4,3
191,22.66,16.39,17.71,16.39,8.58,6.16,10.78,8.14,120.0,108.5,84.2,88.9,97.5,58.8,36.6,29.9,34.2,34.8,22.0,18.1,23,86.4,175.3,1,28.12,18.68,107.02,7,7,0
192,22.94,16.06,18.59,16.34,7.59,5.88,10.23,7.81,110.3,97.8,85.7,89.5,94.9,51.7,32.2,26.4,34.4,32.6,22.0,16.4,33,67.7,170.5,1,23.29,14.46,79.54,6,5,2
193,23.65,16.17,18.59,17.33,7.81,6.16,10.67,7.81,119.7,112.7,112.1,105.9,106.3,56.9,35.7,27.8,37.3,36.6,22.7,16.4,46,92.7,179.1,1,28.9,24.26,139.42,9,5,0
194,22.94,15.68,18.59,18.1,8.58,6.6,10.12,8.97,123.5,111.4,99.7,102.9,105.8,57.8,36.5,30.5,39.0,41.2,25.7,18.8,43,93.6,177.8,1,29.61,24.49,141.13,9,7,0
195,20.9,16.34,18.7,15.02,7.21,5.94,9.52,8.53,107.8,95.1,84.7,92.9,96.7,54.6,32.8,25.3,36.6,35.0,23.5,17.1,56,70.9,175.3,1,23.07,16.61,91.79,7,4,2
196,23.05,15.29,18.32,15.79,8.3,6.22,10.56,8.2,118.7,100.2,80.3,92.4,96.4,53.8,35.7,29.2,38.4,37.0,25.6,17.9,21,75.0,182.9,1,22.42,12.08,65.93,5,6,3
197,22.39,15.4,19.41,17.44,7.92,5.88,10.23,7.92,120.7,106.3,98.6,111.7,118.7,70.0,37.1,27.8,37.5,39.2,25.7,15.9,18,93.2,170.8,1,31.95,27.95,162.04,10,7,0
198,22.71,16.34,19.09,17.6,8.53,6.16,10.12,8.58,118.7,109.5,90.0,96.2,104.3,63.5,39.4,29.9,37.4,37.3,24.3,17.2,21,93.2,188.0,1,26.37,16.73,95.33,7,5,1
199,22.5,15.79,18.1,16.83,8.25,6.05,10.29,7.59,118.0,106.3,86.6,93.9,95.9,53.6,34.4,28.6,35.0,34.1,21.7,17.1,45,77.7,180.3,1,23.9,16.05,89.41,6,5,2
200,22.94,14.74,17.6,15.29,7.7,5.78,10.12,8.03,105.0,91.5,80.2,85.7,89.2,48.5,28.7,25.0,35.4,32.3,23.0,16.2,22,61.4,177.8,1,19.42,7.89,39.9,3,4,4
201,22.71,17.11,19.2,16.61,8.25,6.38,10.34,8.69,110.6,104.9,109.2,104.4,101.7,56.4,34.0,29.2,39.3,38.5,24.3,17.4,55,94.1,185.4,1,27.38,22.59,129.17,8,5,1
202,22.61,15.29,17.6,16.83,8.14,6.27,9.68,7.81,123.1,109.6,88.4,92.0,95.1,52.5,39.4,29.8,34.5,34.0,22.0,17.0,42,75.0,168.9,1,26.29,19.03,107.46,8,7,0
203,23.87,15.02,19.09,17.22,7.7,6.16,11.11,7.87,121.0,102.5,81.0,84.5,105.0,56.0,31.5,26.5,38.5,36.9,21.3,16.6,29,83.6,185.4,1,24.32,13.5,75.45,5,4,2
204,22.39,15.29,18.7,16.17,8.58,6.6,11.66,9.02,111.7,101.2,88.8,90.8,101.3,62.5,35.2,28.9,40.6,39.2,23.0,17.5,40,85.5,180.3,1,26.3,18.24,103.49,7,7,1
205,23.38,13.86,16.83,16.72,8.42,6.27,10.39,7.59,111.0,98.7,78.1,78.6,92.0,56.5,35.7,29.2,36.4,37.0,22.0,17.2,24,73.9,174.0,1,24.41,12.82,71.13,5,7,1
206,22.16,15.57,16.83,16.06,7.1,5.83,11.11,7.81,112.0,96.0,81.5,80.5,89.5,52.0,30.3,25.0,36.0,35.0,22.4,16.7,62,66.8,167.6,1,23.78,16.08,88.94,7,6,1
207,21.89,15.29,18.1,16.34,9.13,6.49,11.44,8.42,115.9,104.2,87.6,89.6,100.5,60.7,36.5,31.1,40.7,38.4,22.9,17.9,26,87.3,182.9,1,26.1,16.24,92.13,6,7,1
208,21.89,15.57,16.72,16.61,7.1,6.05,10.23,6.99,121.0,103.0,92.5,88.5,94.0,55.0,36.0,28.0,36.5,37.0,21.8,17.5,35,72.3,160.0,1,28.24,21.19,120.63,9,7,0
209,22.28,16.45,19.2,18.1,7.98,6.44,11.22,8.25,123.6,107.0,97.0,95.5,104.5,56.6,34.4,28.9,40.0,38.5,24.0,17.0,37,88.6,180.3,1,27.25,19.78,112.91,8,6,1
210,22.61,14.74,17.82,17.11,7.92,6.49,11.22,8.36,120.0,101.0,82.0,82.0,98.0,59.0,35.4,29.0,38.0,42.0,23.6,17.5,34,75.5,167.6,1,26.88,17.82,100.91,7,8,0
211,23.38,16.17,18.81,19.09,8.3,6.49,11.99,8.69,128.7,112.1,99.5,97.8,107.4,60.5,35.5,28.8,42.9,38.7,25.7,17.1,25,101.4,186.7,1,29.09,20.56,118.91,8,6,0
212,23.38,16.17,18.92,18.7,7.98,6.05,11.72,7.92,124.5,103.4,93.8,92.7,112.2,66.2,34.8,30.1,45.7,43.6,26.9,17.0,30,91.1,175.3,1,29.65,22.33,128.76,8,8,0
213,21.18,13.42,16.72,16.45,7.87,5.56,10.07,7.26,112.4,100.3,79.1,80.4,94.3,51.0,32.6,27.2,36.1,32.7,22.5,17.9,32,67.3,175.3,1,21.9,10.68,57.34,4,5,2
214,24.09,16.06,19.58,15.57,8.14,7.04,11.38,7.87,112.2,95.7,85.8,94.7,106.8,60.6,33.6,27.3,37.5,41.8,26.2,17.8,27,77.7,175.9,1,25.11,17.08,95.9,7,7,1
215,22.83,15.95,18.32,17.82,8.42,6.05,11.33,8.25,127.0,108.0,90.8,92.4,100.3,56.5,36.8,29.3,37.5,36.3,23.4,16.7,42,81.8,175.3,1,26.62,19.19,108.87,8,7,1
216,22.16,15.29,18.43,16.45,8.42,6.16,11.22,7.59,115.3,101.0,85.4,86.9,101.8,57.0,34.0,27.1,39.4,37.1,23.7,16.6,44,75.5,179.1,1,23.54,14.72,81.55,6,6,2
217,22.16,16.61,17.71,16.06,7.98,6.33,11.0,9.29,111.5,98.6,91.6,102.1,106.7,57.8,32.3,27.9,41.8,41.5,27.7,18.1,46,84.5,181.6,1,25.62,20.06,113.42,8,6,1
218,23.16,14.91,17.71,16.83,7.54,5.94,10.39,7.87,118.3,101.6,79.7,82.0,98.4,58.1,36.5,31.0,38.0,38.1,25.3,17.7,19,76.6,177.8,1,24.23,12.54,69.61,5,6,2
219,23.16,17.22,19.31,17.11,9.19,6.6,11.55,8.3,118.0,99.0,86.1,90.8,101.3,56.0,33.5,28.3,37.7,38.3,25.2,17.4,43,85.0,182.9,1,25.41,17.32,97.78,7,7,1
220,21.39,16.17,18.32,18.43,7.81,7.04,11.33,8.53,127.0,116.7,113.2,102.9,107.9,57.7,37.4,28.9,37.8,37.4,24.1,17.1,28,102.5,177.8,1,32.42,26.42,154.02,9,6,0
221,24.42,13.2,16.61,17.6,7.81,6.16,11.11,7.98,124.4,105.0,79.5,85.8,92.7,51.8,36.2,27.0,33.9,28.9,20.3,15.8,39,77.3,184.2,1,22.78,12.51,68.71,5,4,3
222,22.5,13.42,15.79,15.95,7.87,6.27,9.79,8.03,112.4,95.1,85.4,84.1,94.3,52.7,31.2,25.9,37.4,34.4,24.5,17.1,30,71.8,179.1,1,22.38,11.73,63.76,5,4,2
223,23.16,15.79,18.43,16.17,7.87,6.33,9.9,7.59,125.8,106.7,97.9,94.7,104.6,60.8,36.2,28.7,37.7,39.4,22.6,17.5,36,87.9,176.5,1,28.22,21.06,120.62,8,6,0
224,23.65,14.91,18.43,17.33,8.36,6.49,10.62,8.3,131.7,116.6,94.7,93.1,103.3,58.0,42.3,31.9,39.9,39.6,25.5,18.9,48,94.3,188.0,1,26.68,18.54,105.8,7,6,1
225,20.9,14.91,17.71,15.4,7.65,5.67,10.51,7.7,117.3,103.5,86.1,90.5,96.7,55.2,34.5,27.7,37.3,34.8,22.5,16.4,48,70.9,174.0,1,23.42,15.67,86.66,6,6,2
226,20.41,13.31,16.83,15.29,7.59,6.05,9.79,8.03,107.6,90.4,84.9,83.7,97.9,51.8,28.0,25.2,37.5,36.0,21.3,15.1,53,64.5,167.6,1,22.96,15.26,83.75,6,5,2
227,22.61,13.2,16.17,16.94,7.48,6.44,10.34,8.03,122.4,107.5,92.2,88.6,97.5,53.7,34.3,27.6,36.0,37.5,23.3,16.7,45,77.3,170.2,1,26.68,19.21,108.82,8,6,0
228,22.5,13.42,16.83,16.45,7.59,6.33,10.45,8.3,117.0,100.8,83.7,82.5,97.7,53.3,32.5,27.1,35.4,37.0,22.7,16.6,39,72.3,167.6,1,25.74,16.91,94.99,7,6,0
229,21.39,14.91,17.44,16.34,8.25,6.71,11.28,8.36,119.0,104.2,97.8,93.6,102.5,58.0,35.8,29.4,39.0,38.1,23.0,17.0,43,87.3,188.0,1,24.7,16.41,92.34,6,5,2
230,22.5,15.57,18.7,15.68,7.87,6.6,10.45,7.87,123.5,104.9,98.6,99.2,103.3,55.3,35.0,29.3,35.9,36.0,23.5,18.1,65,80.0,174.0,1,26.42,22.4,126.93,8,6,1
231,21.56,14.74,18.7,16.94,7.81,6.16,10.51,7.98,121.4,112.8,89.5,96.9,100.9,54.9,38.5,28.7,35.9,33.6,22.1,17.1,45,82.3,176.5,1,26.42,19.72,111.83,8,6,1
232,22.94,14.63,17.33,16.45,8.03,6.16,10.56,8.14,112.3,95.7,82.9,89.6,94.8,51.9,32.2,25.3,33.4,32.8,21.4,16.3,37,73.6,180.3,1,22.64,13.51,74.12,5,4,2
233,21.67,14.63,17.44,17.11,7.59,6.49,11.0,8.69,113.2,104.9,90.1,90.8,96.6,55.0,32.9,26.5,35.6,37.9,22.5,17.8,55,74.1,167.6,1,26.38,20.35,114.96,8,7,0
234,22.06,14.52,17.6,16.61,8.69,6.82,11.38,8.69,121.7,109.1,78.9,91.0,98.1,55.7,38.5,30.1,37.2,36.8,23.4,19.6,33,85.9,188.0,1,24.3,14.35,80.4,6,6,2
235,21.39,14.08,18.1,15.95,8.58,5.83,11.11,8.14,116.6,105.4,80.7,87.4,95.5,56.8,38.3,28.6,35.0,34.3,23.3,17.3,25,73.2,180.3,1,22.52,11.59,63.12,5,7,2
236,21.39,14.52,17.44,15.29,7.92,6.22,10.78,8.14,117.8,104.3,94.3,99.4,100.4,59.1,35.0,26.7,35.5,35.9,22.6,17.3,35,76.3,167.6,1,27.16,21.25,120.6,8,7,0
237,22.94,14.52,17.11,15.57,8.03,5.61,10.12,8.42,118.0,100.5,70.2,79.3,92.0,51.7,32.1,26.7,33.2,34.9,23.7,18.4,28,65.9,183.0,1,19.68,7.04,35.44,2,4,4
238,23.76,14.74,17.93,18.1,8.47,6.6,11.28,9.24,131.1,111.8,83.6,92.7,101.5,59.5,40.4,31.7,36.7,38.3,25.5,19.4,26,90.9,183.0,1,27.14,17.73,101.28,7,7,1
239,22.28,16.06,18.43,17.11,8.36,6.22,11.0,8.86,121.4,109.5,91.9,96.5,103.3,57.7,36.5,29.1,34.6,38.8,25.1,18.9,43,89.1,179.1,1,27.78,21.07,120.53,8,7,0
240,21.56,12.93,16.45,15.95,8.47,6.33,10.45,8.14,116.3,101.2,71.8,82.3,87.6,50.1,34.2,29.2,34.1,33.4,23.1,18.3,30,62.3,170.2,1,21.51,10.46,55.56,4,7,2
241,22.5,13.97,17.6,16.61,8.86,6.33,10.62,8.69,121.8,103.3,85.0,90.8,97.9,55.2,35.2,29.4,34.9,37.3,23.5,17.3,26,82.7,177.8,1,26.16,16.92,95.81,7,7,1
242,22.94,15.02,17.33,16.34,8.2,6.49,10.39,7.48,118.2,101.6,85.7,91.0,95.9,50.9,34.0,28.4,35.0,34.3,21.1,16.3,51,79.1,179.1,1,24.66,17.22,96.52,7,5,1
243,24.09,17.71,20.9,17.6,8.8,5.88,11.55,9.24,126.3,103.1,96.5,99.0,111.8,62.3,34.8,27.5,41.7,37.0,24.3,16.7,30,98.2,190.5,1,27.06,18.96,108.61,7,5,1
244,23.05,15.4,18.21,16.45,8.58,6.33,11.66,8.75,121.0,104.6,82.4,85.7,99.9,63.3,38.6,32.0,38.4,39.8,25.4,18.1,24,84.1,177.8,1,26.6,16.38,93.01,7,8,1
245,23.65,15.29,18.81,17.33,7.87,6.11,11.55,8.14,123.1,104.3,86.3,87.8,103.3,59.7,36.4,30.4,39.3,42.0,27.7,18.4,35,83.2,180.3,1,25.59,16.37,92.38,7,7,1
246,22.83,15.68,18.43,16.17,7.98,5.78,10.67,8.42,114.9,95.9,83.2,88.0,100.6,57.8,34.0,28.2,36.3,39.6,25.2,17.0,37,83.2,180.3,1,25.59,16.85,95.09,7,6,1
247,20.68,13.75,17.22,13.7,6.16,5.06,9.35,6.77,95.0,83.0,66.5,79.0,92.0,53.5,24.3,20.5,32.0,32.2,21.0,13.5,22,51.6,161.2,0,19.86,14.67,67.0,6,3,3
248,20.19,14.52,17.05,13.48,6.66,5.45,10.62,7.04,99.5,78.5,61.5,70.5,90.5,57.7,27.8,24.0,38.5,38.5,22.5,15.0,20,59.0,167.5,0,21.03,14.36,66.29,5,5,2
249,19.14,14.25,16.61,13.31,6.22,4.9,9.35,6.71,88.0,75.0,61.2,66.5,91.0,53.0,24.0,22.0,32.5,32.5,19.0,14.0,19,49.2,159.5,0,19.34,11.9,50.85,4,3,3
250,20.13,15.35,17.49,13.7,6.77,5.23,10.23,7.15,97.0,86.5,78.0,91.0,99.5,61.5,28.0,24.0,35.2,36.7,23.0,15.0,25,63.0,157.0,0,25.56,24.63,127.21,9,6,0
251,19.53,15.51,17.05,14.41,6.33,5.0,9.46,6.82,103.3,91.0,70.5,80.5,91.5,55.0,26.9,22.7,33.0,33.3,19.9,14.5,21,53.6,155.8,0,22.08,17.62,85.02,7,5,1
252,20.35,15.4,17.6,14.14,6.88,5.5,9.46,7.26,93.5,79.5,66.5,78.5,94.0,54.0,26.5,22.5,34.0,35.0,23.0,14.5,23,59.0,170.0,0,20.42,15.19,70.67,6,3,3
253,19.53,14.58,16.06,13.48,6.77,5.17,9.46,6.6,93.3,77.0,58.0,64.0,85.5,49.5,24.1,22.0,32.5,32.0,19.0,13.9,26,47.6,159.1,0,18.8,11.18,46.37,4,4,3
254,20.57,16.61,18.26,14.63,7.32,5.88,10.89,7.59,94.5,88.0,74.5,87.0,104.0,64.0,29.2,26.2,38.5,38.0,22.0,16.8,22,69.8,166.0,0,25.33,22.84,117.29,8,6,1
255,20.79,15.95,17.93,13.75,6.66,5.39,9.79,6.99,98.6,85.0,73.5,92.0,104.1,65.3,29.0,23.4,35.3,37.4,21.6,15.2,28,66.8,176.2,0,21.52,19.04,93.53,7,3,3
256,21.23,15.84,18.26,16.17,7.37,6.33,11.5,7.26,115.5,98.8,90.5,103.5,108.1,61.1,33.6,26.6,37.2,35.8,22.6,16.3,40,75.2,160.2,0,29.3,32.43,174.14,10,7,0
257,20.68,15.68,17.71,13.37,6.49,4.73,9.41,6.55,97.9,79.0,66.5,74.0,90.3,52.0,24.8,21.0,32.2,32.5,19.9,13.8,32,55.2,172.5,0,18.55,12.71,55.37,4,2,4
258,19.8,14.08,17.33,14.03,7.04,5.33,9.68,7.26,97.7,77.6,61.0,71.8,91.6,53.0,25.4,22.6,34.0,34.5,20.5,15.3,25,54.2,170.9,0,18.56,11.87,50.58,4,3,4
259,21.73,16.5,17.44,15.02,7.04,5.06,9.96,6.82,100.5,85.0,69.5,81.5,94.4,55.8,25.9,22.9,36.1,35.3,20.9,14.4,25,62.5,172.9,0,20.91,16.15,76.56,6,3,3
260,18.7,13.75,14.85,12.43,5.83,4.57,8.75,6.38,88.7,76.7,62.0,74.1,80.9,48.8,24.0,20.5,30.8,30.4,17.9,13.2,29,42.0,153.4,0,17.85,12.04,50.39,4,3,3
261,19.25,14.58,17.38,13.04,6.33,4.73,9.24,6.71,96.6,76.7,63.4,69.0,87.7,54.0,25.6,21.6,34.4,32.8,19.1,13.8,22,50.0,160.0,0,19.53,12.69,55.46,5,4,3
262,19.58,14.19,17.6,14.14,6.33,4.95,9.46,6.49,92.0,82.0,71.0,69.0,88.5,54.5,26.0,21.8,33.5,35.0,21.0,14.0,25,49.8,147.2,0,22.98,17.79,86.24,7,6,0
263,19.91,15.07,16.23,13.14,6.16,5.28,9.19,6.93,90.0,79.0,59.0,79.0,88.5,51.2,23.5,21.0,32.5,29.6,18.5,14.5,23,49.2,168.2,0,17.39,11.49,47.52,4,2,5
264,21.45,15.62,19.2,14.69,7.37,6.05,10.39,7.48,104.0,89.5,74.0,92.0,101.0,61.5,31.0,26.5,38.6,38.6,23.8,17.0,37,73.2,175.0,0,23.9,22.52,114.85,8,5,2
265,17.93,14.08,16.5,12.43,5.67,4.46,8.91,6.38,90.1,73.5,60.5,68.3,88.5,54.0,24.6,20.6,29.0,33.0,19.0,13.2,19,47.8,157.0,0,19.39,12.38,53.47,5,3,3
266,20.68,16.5,18.64,15.84,7.37,5.78,10.56,7.26,104.0,90.0,75.0,80.5,99.0,59.0,28.7,24.9,37.0,36.5,20.6,15.9,23,68.8,167.6,0,24.49,20.44,103.13,8,5,1
267,19.96,15.13,17.05,13.2,6.11,5.17,9.02,6.77,91.0,80.0,65.0,78.3,91.0,53.5,27.0,23.0,32.0,31.5,22.0,13.8,25,50.6,159.5,0,19.89,15.01,68.84,6,3,2
268,20.9,16.28,17.99,15.79,7.54,5.83,11.83,7.92,111.4,94.5,82.2,94.2,110.2,69.0,32.5,26.8,40.5,38.6,23.0,16.6,26,82.5,175.0,0,26.94,25.65,134.74,9,6,0
269,20.35,15.35,16.94,14.74,7.26,4.9,9.96,6.77,96.2,83.8,70.2,82.5,94.2,54.1,25.9,23.2,34.3,30.9,19.4,14.5,24,57.2,166.8,0,20.56,16.14,76.02,6,4,3
270,23.43,17.49,19.14,16.72,6.88,6.05,11.55,7.81,117.1,95.2,85.0,91.2,111.0,68.0,34.4,28.3,40.1,40.0,24.2,17.6,29,87.8,176.5,0,28.18,26.74,141.86,9,6,0
271,20.62,16.06,19.31,15.13,7.21,5.61,11.0,7.21,101.5,91.0,75.0,85.0,103.0,62.0,31.5,26.5,38.2,40.0,23.0,16.0,22,72.8,170.2,0,25.13,21.82,111.51,8,6,1
272,19.86,15.51,17.77,13.75,6.6,5.61,10.12,7.1,95.1,80.0,63.0,76.5,90.0,51.1,24.6,22.3,35.2,33.7,20.9,15.2,30,54.5,174.0,0,18.0,12.2,52.21,4,3,5
273,21.51,15.13,18.7,14.08,6.93,5.5,9.9,6.99,97.1,81.7,70.0,81.5,96.0,57.9,26.3,22.6,37.2,36.0,21.0,15.0,23,59.8,173.0,0,19.98,15.01,69.45,5,3,3
274,21.78,15.73,17.16,14.96,6.82,5.56,10.62,7.59,101.4,89.6,72.6,86.3,93.7,56.4,27.4,23.4,37.0,38.4,21.3,15.6,38,67.3,179.9,0,20.79,17.41,83.94,6,3,3
275,22.28,16.28,19.2,15.13,6.93,5.72,10.34,7.21,103.7,90.9,78.7,83.5,101.5,59.9,29.5,25.3,35.4,36.7,21.3,15.6,23,67.8,170.5,0,23.32,19.36,96.31,7,5,2
276,19.25,14.3,16.39,12.27,6.82,5.23,9.46,6.77,89.2,78.5,61.0,73.0,82.5,49.5,24.5,22.5,32.5,33.0,20.5,14.5,19,47.0,160.0,0,18.36,11.45,47.61,4,4,3
277,18.98,14.52,16.56,12.93,6.22,4.9,9.46,6.77,86.0,78.0,64.2,69.8,89.0,53.0,23.2,21.2,33.0,31.5,20.5,14.0,46,46.2,154.4,0,19.38,14.84,67.36,6,4,2
278,19.58,15.35,17.6,13.14,6.55,5.28,10.01,6.99,98.1,80.2,63.1,78.9,93.9,57.1,26.4,23.1,35.0,35.0,20.1,14.9,20,55.0,162.0,0,20.96,16.01,75.37,6,4,2
279,21.51,16.34,18.54,16.23,7.26,5.5,11.17,7.48,114.0,99.0,85.0,92.5,106.4,65.6,31.6,26.6,39.6,38.9,23.3,15.9,22,83.0,176.5,0,26.64,24.27,126.75,8,5,1
280,20.13,15.51,17.6,14.3,6.49,5.45,9.9,6.99,95.0,80.0,66.0,78.0,92.0,52.5,25.0,22.2,33.0,34.8,20.5,14.4,25,54.4,160.0,0,21.25,16.71,79.43,6,4,2
281,19.14,14.47,16.45,12.6,6.22,5.06,9.08,6.49,87.0,75.5,65.0,76.7,86.0,51.0,24.5,20.5,31.5,31.0,20.0,14.0,21,45.8,152.0,0,19.82,14.62,66.31,6,4,2
282,20.19,12.16,15.57,15.13,6.77,5.56,9.24,6.82,100.8,82.6,63.2,70.5,89.1,55.8,27.0,23.6,33.6,33.4,20.0,15.6,23,53.6,162.1,0,20.4,13.87,62.82,5,4,2
283,21.84,17.38,18.98,13.7,6.99,5.72,10.01,7.21,112.2,94.5,83.6,94.2,104.1,61.5,31.0,25.4,37.2,35.2,22.3,16.1,31,73.2,170.0,0,25.33,24.35,126.02,8,4,1
284,19.53,13.37,16.23,14.3,6.33,5.17,9.46,6.66,98.7,83.9,68.0,76.1,88.0,52.2,26.2,23.2,33.2,35.3,21.2,14.6,29,52.1,160.2,0,20.3,15.24,70.47,6,4,2
285,19.8,15.4,16.94,14.25,7.1,5.39,9.79,7.59,100.1,92.8,75.7,88.6,102.6,64.3,31.0,24.9,35.5,38.0,21.5,15.3,19,67.9,161.3,0,26.1,23.94,123.81,9,6,0
286,19.69,14.52,17.71,13.7,6.99,5.72,10.39,7.7,100.3,85.3,65.5,74.4,95.9,53.7,27.8,23.9,35.6,33.4,21.9,15.2,21,56.6,166.4,0,20.44,14.3,65.5,5,5,3
287,20.68,15.02,17.6,14.08,6.82,5.17,10.34,7.48,100.5,84.4,66.9,79.7,98.8,59.2,28.5,23.7,35.9,34.6,20.0,15.1,23,62.3,168.9,0,21.84,17.13,82.62,6,4,2
288,20.68,15.79,16.94,13.86,7.21,6.33,10.23,7.48,101.2,87.6,67.9,82.7,93.5,57.0,29.6,24.5,37.1,36.3,20.6,15.2,24,58.5,163.8,0,21.8,17.72,85.69,7,6,2
289,19.2,15.4,16.94,13.31,6.16,5.06,9.85,7.26,96.0,81.0,67.8,73.0,92.9,55.8,26.3,23.0,32.3,30.0,18.8,14.3,20,54.5,167.6,0,19.4,12.72,55.87,5,3,3
290,18.32,13.7,15.29,12.82,7.04,5.39,9.57,7.1,92.8,84.1,63.2,75.0,86.9,52.1,26.5,23.5,32.3,31.6,18.9,15.0,19,50.2,160.0,0,19.61,13.28,58.88,5,4,3
291,19.91,14.91,16.45,13.31,6.49,5.06,9.52,6.93,95.5,88.2,73.1,80.0,94.9,57.2,27.0,24.3,34.9,35.7,22.0,15.1,20,60.3,161.3,0,23.18,18.78,92.56,7,4,1
292,18.32,16.06,17.6,14.25,6.93,5.72,10.12,7.15,98.7,88.1,65.3,75.8,95.3,55.7,27.7,24.5,33.1,35.4,21.2,15.7,19,58.3,167.6,0,20.75,14.6,67.41,5,4,3
293,19.8,13.86,16.94,13.31,6.93,5.06,9.68,7.26,96.9,84.9,65.6,75.5,93.3,57.4,27.7,24.2,35.1,35.6,21.0,14.7,20,56.2,165.1,0,20.62,14.65,67.52,5,5,2
294,18.7,15.02,16.45,13.2,6.6,5.06,9.24,6.82,91.0,81.2,62.7,75.4,90.0,54.0,25.3,22.7,32.6,32.9,19.8,13.8,19,50.2,160.0,0,19.61,13.54,60.32,5,4,3
295,19.91,15.79,17.22,14.91,7.04,5.78,9.9,7.92,106.3,91.6,81.8,96.5,99.3,60.7,28.3,25.2,35.0,36.3,21.4,15.3,22,72.9,170.0,0,25.22,23.87,123.22,8,4,1
296,19.2,14.91,17.33,13.7,6.82,5.39,9.9,7.59,99.8,88.4,72.1,87.3,95.6,59.2,29.0,24.8,34.3,37.1,21.9,14.3,39,59.8,157.5,0,24.11,23.1,117.54,8,6,1
297,20.57,15.57,17.22,14.08,7.1,6.05,10.12,7.87,105.0,87.6,68.6,80.7,95.8,56.6,28.5,24.1,35.6,34.0,20.7,15.5,18,61.0,167.6,0,21.72,16.61,79.48,6,4,2
298,18.59,15.79,17.71,13.97,6.6,4.9,9.57,7.15,106.2,91.3,80.0,97.9,104.6,62.7,30.0,23.1,36.3,36.0,21.0,14.6,19,69.1,160.7,0,26.76,26.57,139.17,9,5,0
299,18.7,15.02,17.71,13.31,7.1,5.83,9.85,7.37,97.7,87.2,64.9,75.9,92.2,53.1,28.0,24.2,34.0,35.4,20.7,15.5,26,55.9,163.2,0,20.99,15.67,73.47,6,5,2
300,18.92,12.93,14.74,13.42,6.44,5.06,9.24,6.82,97.4,82.2,61.7,66.0,80.7,50.3,23.7,21.6,30.5,33.8,20.7,14.6,20,46.5,152.4,0,20.02,12.51,54.49,5,5,2
301,19.09,15.29,17.93,13.31,6.93,5.39,9.68,6.93,96.3,82.1,64.0,73.6,98.1,56.8,25.8,23.9,33.7,34.0,20.3,14.6,20,54.3,157.5,0,21.89,16.49,78.54,6,5,1
302,19.58,14.52,17.71,14.63,7.15,5.5,9.68,7.59,98.0,82.6,58.6,73.0,89.6,54.9,27.1,23.1,33.2,35.8,20.7,14.4,26,54.8,168.3,0,19.35,13.0,57.44,5,4,3
303,18.59,16.34,17.82,13.97,7.37,5.28,10.12,7.37,94.5,86.5,68.3,89.2,94.0,57.0,26.0,22.6,35.9,32.5,19.7,14.6,21,60.7,180.3,0,18.67,14.07,63.52,5,2,5
304,20.79,14.63,18.21,14.91,6.82,5.39,10.07,7.15,101.4,85.3,69.5,74.9,94.7,55.7,24.9,22.8,34.9,37.1,20.1,14.9,21,60.0,165.5,0,21.91,16.25,77.49,6,4,2
305,21.07,16.72,17.71,14.52,6.82,5.17,9.96,6.99,95.1,84.7,70.5,86.1,94.1,54.6,28.0,23.0,33.5,33.5,20.0,14.6,38,62.0,165.0,0,22.77,20.8,103.91,8,4,1
306,22.16,16.06,18.1,14.52,7.15,5.17,10.23,7.1,101.1,86.8,69.8,76.5,93.7,55.7,25.4,23.4,35.9,34.2,21.5,15.1,23,60.3,164.5,0,22.28,17.15,82.8,6,4,2
307,21.39,15.13,17.11,14.74,6.82,5.5,10.12,7.48,97.4,85.2,69.0,76.3,86.7,51.5,26.6,22.7,31.6,33.3,19.6,15.3,37,52.7,156.0,0,21.66,17.8,85.76,7,5,1
308,21.67,16.06,19.09,15.57,7.37,5.78,10.89,7.21,104.8,93.9,81.0,93.2,105.9,65.5,31.3,26.8,38.1,37.7,21.7,15.9,19,74.3,160.0,0,29.02,28.63,152.35,10,7,0
309,19.25,14.85,18.15,13.75,6.33,5.45,9.41,7.15,94.5,84.5,71.0,80.5,97.5,59.5,28.0,23.0,34.0,34.2,20.6,15.0,25,62.0,163.0,0,23.34,19.61,97.44,7,4,1
310,22.39,15.95,19.41,15.68,7.59,5.94,10.89,7.87,103.2,90.7,73.6,79.8,105.3,65.8,29.5,26.6,38.8,39.7,24.3,15.9,20,73.1,165.7,0,26.62,22.97,118.89,8,6,0
311,21.78,16.72,18.81,14.74,7.81,5.83,11.38,7.21,110.8,97.4,96.3,104.2,102.6,57.5,34.3,26.5,38.3,41.1,22.9,16.4,41,80.0,161.0,0,30.86,34.5,187.01,11,8,0
312,20.3,15.57,17.6,14.08,6.0,5.17,9.52,6.93,94.6,83.3,65.0,68.2,91.6,55.3,27.7,23.2,33.0,31.5,18.9,14.1,26,54.7,162.0,0,20.84,14.32,65.66,5,3,2
313,19.58,14.14,16.01,14.3,6.33,5.23,9.79,6.66,96.6,82.1,62.8,70.6,83.9,51.5,24.6,21.4,34.0,34.8,20.9,14.3,21,53.2,166.0,0,19.31,12.08,52.1,4,3,3
314,21.01,16.5,19.53,14.69,6.93,5.94,10.73,7.48,102.8,92.2,83.0,101.4,108.1,65.0,29.8,24.6,38.1,37.8,20.7,16.6,47,75.7,174.0,0,25.0,26.48,138.08,9,4,1
315,20.3,15.95,18.54,14.85,6.33,5.61,10.12,7.59,96.9,83.6,67.6,86.2,99.1,57.5,26.4,23.3,38.5,35.0,22.1,15.6,19,61.1,172.7,0,20.49,16.12,76.11,6,3,3
316,20.3,14.79,17.55,13.86,7.37,5.5,10.34,7.87,95.6,82.6,65.4,74.8,89.3,53.7,26.4,23.8,34.0,33.7,19.1,14.7,44,55.7,167.6,0,19.83,15.48,71.79,6,4,3
317,19.14,14.52,16.39,13.86,6.71,5.0,9.9,6.82,92.4,77.0,61.6,74.0,89.9,53.6,26.3,23.1,33.3,32.4,19.0,14.2,35,48.7,151.1,0,21.33,17.39,83.01,7,5,1
318,20.13,15.13,16.5,13.26,6.6,5.12,9.74,7.26,93.7,79.3,63.2,75.5,85.8,51.6,24.2,22.4,32.5,31.3,18.4,14.7,32,52.3,164.5,0,19.33,14.12,63.62,5,3,3
319,20.3,15.07,17.05,14.14,7.04,5.72,9.79,7.76,96.1,84.3,59.4,74.0,85.8,51.0,26.9,23.0,32.8,32.1,19.7,15.0,46,50.0,163.5,0,18.7,14.1,63.03,5,4,3
320,20.3,14.52,17.82,14.3,6.93,5.78,10.39,7.92,100.1,85.6,62.7,74.0,96.0,61.5,28.0,23.6,35.4,38.5,21.3,15.4,22,59.3,152.0,0,25.67,21.78,110.85,8,7,0
321,20.3,16.61,19.03,14.41,7.26,5.72,10.67,7.87,98.8,85.0,66.6,82.0,98.7,60.3,30.4,25.2,35.7,38.2,21.8,15.9,49,62.5,169.0,0,21.88,19.78,97.67,7,6,2
322,19.8,15.73,17.6,13.26,7.04,5.39,10.29,7.59,92.2,79.1,64.6,82.5,94.9,54.0,24.7,21.7,37.4,35.5,21.0,15.0,52,55.7,164.0,0,20.71,19.04,92.46,7,4,2
323,19.91,16.61,17.16,15.24,6.33,5.17,9.57,7.21,97.3,85.0,65.7,77.7,90.5,56.1,29.4,23.1,33.2,34.4,20.3,14.4,25,54.8,161.2,0,21.09,16.16,76.28,6,5,2
324,19.31,15.46,16.5,13.86,6.6,5.28,10.45,7.81,90.5,79.0,63.0,79.2,86.6,48.5,26.4,22.5,32.2,30.3,20.2,15.0,48,45.9,155.0,0,19.11,16.2,74.91,6,5,3
325,21.34,14.96,18.37,17.38,7.1,6.05,10.01,7.37,110.5,96.2,78.5,93.4,103.0,59.6,30.2,25.9,37.0,35.2,23.2,16.2,41,70.6,170.0,0,24.43,23.86,122.61,8,4,1
326,20.02,14.41,17.71,14.19,7.21,5.56,9.85,6.93,103.0,86.0,68.2,76.2,97.9,59.8,29.8,25.0,36.8,38.1,21.8,16.2,18,67.2,176.2,0,21.64,15.38,72.83,6,4,3
327,21.23,13.31,18.92,15.95,7.21,5.72,12.16,7.92,109.0,89.8,68.5,80.2,98.1,62.0,30.1,26.2,40.9,40.4,23.3,16.4,30,69.4,170.0,0,24.01,20.22,101.68,7,7,1
328,20.08,14.3,16.89,14.74,6.66,5.67,9.35,6.82,104.8,84.5,68.8,70.6,94.8,56.5,27.0,23.4,34.4,35.2,21.6,14.6,20,58.2,162.5,0,22.04,15.76,74.66,6,4,2
329,20.62,15.07,17.16,14.58,7.7,6.05,10.51,7.43,109.2,88.2,69.0,77.6,96.5,57.6,28.6,25.2,37.0,35.0,22.2,16.2,24,64.8,170.3,0,22.34,17.2,83.38,6,5,2
330,21.95,11.0,17.82,17.55,7.48,5.72,10.18,7.37,117.0,99.5,78.0,87.5,103.0,64.8,31.1,26.6,35.2,36.7,21.8,16.2,23,71.6,164.1,0,26.59,24.26,126.1,9,6,0
331,18.92,14.36,16.78,13.86,6.6,5.45,9.62,6.99,93.9,76.1,62.0,70.8,86.8,52.6,24.3,22.3,34.2,34.8,20.2,14.4,30,52.8,169.5,0,18.38,11.9,50.58,4,3,4
332,21.29,12.93,18.15,15.18,6.93,5.45,9.62,6.93,105.5,85.8,65.8,70.5,89.3,57.4,27.0,23.2,36.8,36.2,22.1,15.8,23,59.8,163.2,0,22.45,16.31,78.11,6,5,1
333,17.93,13.53,16.17,13.75,6.22,5.06,9.29,6.55,99.4,82.0,65.0,77.2,89.5,53.4,26.0,21.4,34.0,33.9,21.4,14.4,45,49.0,154.5,0,20.53,17.41,82.75,7,4,2
334,18.98,14.08,16.06,13.31,5.56,4.95,8.97,6.33,89.5,77.5,64.9,74.5,88.4,53.4,25.6,22.4,30.9,32.6,19.1,14.0,20,50.0,159.8,0,19.58,13.54,60.33,5,3,3
335,20.19,15.51,18.15,14.08,6.71,5.56,9.79,7.43,98.5,85.7,71.5,82.0,100.5,60.4,28.0,24.2,36.6,36.4,21.8,15.6,20,69.2,173.2,0,23.07,18.54,91.64,7,3,2
336,20.08,14.85,17.38,13.42,6.55,5.33,9.9,6.88,94.9,78.8,61.4,78.8,94.0,56.4,27.1,22.8,35.4,34.8,21.0,15.0,23,55.9,170.0,0,19.34,13.95,62.86,5,4,3
337,18.81,15.4,17.05,14.08,6.82,5.33,10.18,7.15,96.3,88.0,75.4,90.0,101.3,63.1,28.4,22.6,37.6,34.3,21.7,14.8,21,63.4,161.4,0,24.34,22.26,113.1,8,5,1
338,20.79,15.73,16.89,13.97,6.49,5.83,10.34,7.32,96.8,80.2,67.2,78.3,95.5,54.7,27.0,22.2,36.0,35.4,22.2,15.6,28,58.2,169.0,0,20.38,15.59,72.84,6,4,3
339,19.64,14.03,17.88,14.96,6.55,5.5,10.23,7.48,102.5,85.6,69.5,75.5,95.3,57.6,28.5,24.4,35.2,35.4,21.8,15.4,45,58.6,166.2,0,21.21,17.5,84.14,7,4,2
340,18.64,13.37,16.23,14.3,6.38,5.17,8.97,6.16,95.2,81.3,57.9,66.4,84.1,49.0,26.6,22.2,33.6,33.0,19.6,14.0,24,45.7,159.4,0,17.99,10.17,40.09,3,4,4
341,19.36,13.26,14.79,12.98,6.6,5.23,9.62,6.33,103.0,84.6,64.4,77.9,91.0,53.4,26.6,23.3,32.7,33.0,19.4,14.2,25,52.2,162.5,0,19.77,14.49,65.93,5,4,3
342,20.41,13.37,15.62,14.19,6.66,5.39,9.24,6.71,99.1,82.2,62.3,68.7,83.9,52.8,24.4,22.1,32.4,32.5,21.0,14.8,19,48.6,159.0,0,19.22,11.72,49.69,4,4,3
343,20.74,14.41,16.94,13.86,6.82,5.61,9.46,6.49,104.1,84.9,68.7,78.6,93.1,55.2,28.2,23.8,34.6,34.3,21.5,15.0,20,57.8,162.8,0,21.81,16.8,80.47,6,4,2
344,20.79,15.46,16.5,13.7,6.11,5.28,9.9,7.26,99.5,81.5,68.0,84.6,92.3,55.4,27.4,23.0,34.5,35.3,21.6,15.6,29,55.6,159.0,0,21.99,19.16,93.82,7,5,1
345,21.61,13.48,17.77,16.23,7.37,6.0,10.01,7.15,110.2,89.9,66.0,79.9,97.1,59.0,27.0,24.2,37.2,39.0,23.2,16.2,24,66.8,179.8,0,20.66,15.0,70.17,5,4,3
346,20.46,13.42,16.17,15.02,6.77,5.45,9.41,6.71,107.1,89.8,71.2,85.7,97.5,58.2,28.2,25.2,34.2,34.0,20.4,15.4,24,59.4,162.9,0,22.38,19.03,93.5,7,4,1
347,19.86,14.74,17.05,13.2,6.05,4.9,9.79,6.71,95.7,80.8,64.8,79.8,92.0,57.4,26.5,22.6,31.0,35.2,20.4,14.4,25,53.6,161.0,0,20.68,16.22,76.3,6,4,2
348,19.36,13.81,18.15,14.63,6.38,5.0,11.55,6.93,103.4,88.4,78.0,85.6,112.1,75.7,33.8,24.6,38.2,39.8,22.0,14.4,31,73.2,151.1,0,32.06,33.37,180.89,11,8,0
349,19.69,15.24,15.9,14.08,6.33,5.0,9.41,6.77,94.6,80.2,60.7,77.0,89.9,53.3,25.2,22.4,34.2,32.2,19.0,14.6,22,53.4,168.2,0,18.88,12.89,56.45,5,3,4
350,19.25,14.08,17.88,14.85,6.93,5.39,10.23,7.1,104.5,89.5,75.0,95.0,104.9,63.2,29.6,23.9,37.6,36.6,22.0,15.1,20,69.0,168.9,0,24.19,22.43,114.29,8,5,1
351,20.79,16.45,17.11,14.19,6.0,5.17,8.63,6.33,97.7,83.7,68.6,83.0,94.2,58.0,26.2,22.1,32.2,35.9,19.9,14.6,32,58.4,173.2,0,19.47,15.29,70.69,5,2,4
352,19.64,14.85,16.39,14.41,6.66,5.28,9.9,7.48,96.4,82.5,67.1,75.0,90.4,53.2,27.3,23.6,35.9,36.6,23.8,15.3,25,56.2,171.8,0,19.04,12.78,56.09,4,4,4
353,21.73,16.39,17.33,13.97,7.15,5.83,10.51,7.37,103.0,85.5,68.0,84.5,99.5,60.8,26.5,24.2,40.5,39.4,23.2,15.8,19,70.6,178.0,0,22.28,17.65,86.21,6,4,2
354,21.34,14.47,17.33,14.25,6.38,5.45,10.34,7.21,103.4,88.3,71.0,87.1,98.7,59.2,28.2,23.6,35.6,35.8,20.8,15.5,23,59.8,164.3,0,22.15,18.91,92.74,7,5,2
355,20.85,15.95,18.1,14.85,6.99,5.83,10.01,6.66,109.5,91.5,76.0,82.5,103.5,64.8,29.5,25.2,39.2,37.0,21.8,15.8,22,72.0,163.0,0,27.1,24.35,126.88,9,5,0
356,20.74,13.75,16.72,16.12,6.82,5.61,10.23,6.99,110.7,92.2,70.3,82.8,100.0,59.6,30.8,25.4,37.0,37.0,23.0,16.0,20,65.2,168.5,0,22.96,18.56,91.49,7,5,2
357,21.01,14.25,16.61,13.64,6.44,5.17,9.29,6.44,102.2,80.5,69.5,81.0,95.2,56.2,27.4,23.8,35.4,34.0,21.3,15.2,27,56.6,166.8,0,20.34,16.01,75.15,6,3,3
358,22.0,17.05,19.69,18.26,7.76,6.71,13.37,7.1,129.5,108.0,101.5,105.5,114.0,70.0,40.3,30.8,45.6,45.0,25.8,18.2,34,105.2,172.7,0,35.27,38.25,211.89,11,9,0
359,19.64,15.57,16.28,12.82,5.88,4.79,9.24,6.22,99.2,80.0,67.2,75.2,91.2,53.6,27.1,23.2,34.6,34.2,20.3,14.2,25,51.8,163.5,0,19.38,13.66,61.03,5,3,3
360,19.64,14.25,16.12,16.01,7.26,6.0,9.96,7.21,104.7,89.5,68.7,81.0,93.8,58.0,30.0,24.4,35.9,37.4,22.0,16.0,26,63.4,169.4,0,22.09,17.6,85.44,6,5,2
361,19.8,15.18,15.95,13.75,6.49,5.06,9.9,6.27,98.9,84.9,66.0,81.0,92.0,56.2,26.4,22.6,35.4,35.6,21.0,14.5,19,59.0,167.8,0,20.95,15.8,74.42,6,4,2
362,19.25,13.75,14.96,12.87,5.94,4.79,9.24,6.71,98.5,80.8,67.5,75.4,85.8,53.8,24.8,21.5,33.0,33.0,20.0,14.0,26,47.6,159.5,0,18.71,12.91,56.17,5,3,3
363,20.35,14.79,17.82,13.97,7.1,5.5,9.96,7.21,102.2,81.0,65.2,75.9,95.4,58.5,27.2,25.3,37.5,38.4,23.2,15.8,25,63.0,167.6,0,22.43,17.5,85.02,7,5,2
364,20.19,12.93,16.23,15.57,6.33,5.23,8.86,5.45,100.2,88.7,64.2,76.8,88.4,56.0,29.0,23.8,33.9,33.2,20.5,15.0,20,55.2,161.2,0,21.24,15.58,73.09,6,4,2
365,18.04,14.41,14.47,12.98,5.83,5.06,9.02,6.44,85.9,74.5,61.0,65.3,84.5,51.5,22.4,19.6,30.4,28.4,17.4,13.2,21,45.0,160.0,0,17.58,9.46,35.79,3,2,4
366,19.14,11.17,17.05,14.74,6.38,5.39,9.85,6.82,99.8,81.9,60.2,64.2,91.7,53.3,26.0,23.2,36.0,35.8,21.2,15.2,18,54.0,163.2,0,20.27,12.21,53.38,4,4,3
367,19.25,13.04,15.95,12.98,6.33,5.28,9.13,6.38,93.3,75.8,62.6,72.9,87.4,54.0,26.4,21.8,34.5,33.0,20.7,14.4,19,50.2,162.2,0,19.08,12.5,54.15,5,4,3
368,21.29,14.91,17.27,15.13,7.04,5.06,10.34,6.88,107.3,88.0,72.7,76.7,95.9,56.6,29.5,25.3,36.8,37.6,22.4,16.6,27,60.2,161.3,0,23.14,18.78,92.5,7,6,1
369,18.04,11.5,15.51,12.21,6.22,5.23,8.8,6.16,90.0,72.6,58.5,67.2,84.3,52.2,25.0,20.7,31.7,32.0,20.1,13.1,26,44.8,149.5,0,20.04,13.82,61.82,6,4,2
370,20.19,12.65,16.94,15.18,7.21,6.05,9.35,7.1,101.5,88.0,67.5,79.5,96.5,56.3,28.4,24.6,35.6,33.5,21.8,16.0,36,58.8,157.5,0,23.7,20.98,105.24,8,5,1
371,21.34,14.58,16.39,15.51,6.6,5.17,9.74,6.93,105.1,86.0,66.1,73.2,91.8,54.4,27.4,23.8,35.0,33.0,20.2,14.9,20,56.4,163.2,0,21.18,14.96,69.57,6,4,2
372,20.02,13.7,16.94,14.69,6.82,5.78,10.12,7.04,101.0,85.5,68.0,86.1,101.0,59.6,28.0,23.3,36.1,35.1,21.6,15.6,28,62.0,172.7,0,20.79,17.21,82.48,6,4,3
373,18.7,15.29,16.28,13.42,5.45,4.9,9.35,6.33,91.9,80.4,64.0,85.0,92.6,54.8,25.6,20.7,32.7,31.5,18.9,13.4,32,49.2,155.0,0,20.48,17.73,84.55,7,3,2
374,21.01,15.13,16.5,16.06,6.49,5.06,9.79,6.33,112.1,98.1,90.1,90.1,95.2,53.8,32.1,25.8,34.7,37.2,21.5,15.8,32,67.2,156.5,0,27.44,26.99,141.85,9,6,0
375,19.31,12.87,16.83,14.74,6.66,5.17,8.86,6.71,98.2,82.0,64.1,74.1,96.0,53.7,26.6,23.2,35.2,35.0,21.0,14.8,23,53.8,164.0,0,20.0,14.1,63.95,5,4,3
376,19.8,13.86,15.62,14.79,6.16,5.45,9.24,6.66,102.5,89.0,72.4,80.3,89.9,52.6,27.6,23.8,33.2,34.4,21.3,14.6,20,54.4,160.9,0,21.01,15.94,74.96,6,4,2
377,19.75,13.81,15.51,14.36,6.38,4.68,9.24,6.05,98.4,85.8,71.0,85.0,92.7,57.3,28.4,23.6,34.2,34.0,19.8,13.8,20,58.0,162.8,0,21.88,17.98,87.22,7,4,2
378,19.25,14.91,16.56,13.7,6.82,5.45,10.01,6.88,96.8,85.9,69.1,77.2,94.1,56.2,28.9,23.1,35.0,34.4,20.0,15.0,20,59.8,167.0,0,21.44,15.87,75.12,6,4,2
379,19.36,13.42,16.39,14.3,7.15,5.06,9.52,6.71,103.9,82.5,66.1,74.9,93.8,54.2,27.8,24.0,35.3,33.7,22.0,14.6,23,54.8,160.0,0,21.41,16.13,76.27,6,5,2
380,19.2,14.41,15.68,12.93,5.72,4.79,8.8,6.11,92.7,74.5,59.5,65.5,78.8,46.3,23.2,20.8,31.6,29.6,18.6,13.8,20,43.2,160.0,0,16.87,8.38,29.18,2,2,4
381,19.8,15.46,17.05,15.07,6.33,5.33,9.62,7.04,105.0,89.4,71.5,80.6,96.0,56.9,26.8,22.0,33.8,33.5,21.1,15.3,28,60.5,168.9,0,21.21,16.68,79.59,6,3,2
382,20.02,15.24,16.39,13.75,6.16,4.95,9.29,6.71,94.0,80.3,65.0,73.3,84.9,50.8,25.0,22.2,31.6,31.6,18.8,14.2,23,46.4,158.2,0,18.54,12.11,51.42,4,4,3
383,19.53,15.24,16.89,13.7,6.38,4.9,9.85,6.33,101.5,85.6,71.5,82.0,97.5,63.0,28.4,23.5,39.1,38.2,20.4,14.4,19,64.4,156.0,0,26.46,23.76,122.85,9,6,0
384,18.76,10.29,14.96,13.53,6.16,5.23,8.86,6.55,92.0,83.0,63.0,72.0,86.0,53.0,24.1,22.0,30.0,31.2,20.4,14.4,28,48.8,160.0,0,19.06,12.84,56.0,5,3,3
385,20.41,13.75,16.12,15.46,7.15,6.0,9.62,7.15,108.5,88.2,70.0,81.2,96.8,59.8,30.1,25.2,35.8,35.0,21.7,16.0,19,62.2,167.1,0,22.28,17.5,84.94,7,5,2
386,19.36,14.3,16.72,14.03,6.11,4.95,9.41,6.6,93.8,85.5,70.4,82.4,93.5,57.5,28.3,21.9,33.1,32.8,19.0,13.9,29,55.5,158.0,0,22.23,18.99,93.01,7,4,1
387,20.62,14.3,16.17,14.58,6.77,5.72,10.07,6.99,99.8,80.6,64.3,75.0,93.0,55.6,28.2,23.8,35.6,35.5,22.0,15.5,32,57.8,167.6,0,20.58,15.58,72.91,6,4,3
388,19.96,13.7,17.05,15.24,6.88,5.5,9.96,7.15,100.3,81.0,66.0,73.2,90.2,54.8,26.8,23.8,34.7,34.5,21.4,15.2,20,54.6,156.0,0,22.44,17.07,82.11,7,5,1
389,20.46,14.3,15.68,13.75,6.77,5.33,10.12,7.15,101.5,83.6,70.5,78.5,91.9,56.8,30.5,24.3,35.8,36.9,20.4,15.7,28,59.2,162.1,0,22.53,18.44,90.25,7,6,1
390,20.68,15.24,16.61,14.14,6.6,5.0,9.62,6.66,94.7,79.4,62.0,73.0,88.5,53.6,24.7,22.4,33.5,33.0,19.4,14.5,36,52.7,173.4,0,17.53,11.53,48.04,4,2,5
391,18.48,13.37,15.35,13.59,6.05,4.62,9.13,6.11,103.1,82.9,67.6,73.9,90.2,56.4,30.2,24.2,34.1,33.8,20.6,14.8,22,53.2,159.8,0,20.83,15.04,69.71,6,4,2
392,18.98,16.06,17.55,12.98,6.05,5.12,10.29,6.82,94.5,83.2,65.0,80.9,97.6,62.2,27.2,22.8,38.6,37.4,20.6,14.8,20,64.5,170.5,0,22.19,17.46,84.76,6,4,2
393,19.8,14.91,17.27,13.53,6.55,5.17,8.75,6.55,97.1,78.1,64.0,75.9,95.0,55.9,25.2,23.0,32.3,34.8,20.3,13.4,22,51.8,159.2,0,20.44,15.21,70.35,6,4,2
394,19.47,14.85,15.95,13.75,6.38,5.06,10.01,6.66,98.0,82.4,70.5,81.6,98.0,61.4,27.2,23.2,35.6,30.5,20.1,14.6,32,56.0,157.5,0,22.57,19.8,97.79,8,4,1
395,19.69,15.57,16.61,13.7,6.6,5.06,10.12,7.81,102.4,90.0,79.2,95.2,97.4,61.7,27.8,23.4,36.0,35.7,23.8,14.1,40,63.6,161.3,0,24.44,24.77,127.44,9,5,1
396,21.07,15.57,17.82,15.57,7.65,5.83,10.39,7.7,109.1,92.4,71.1,91.5,98.2,55.3,29.6,24.6,34.3,36.6,20.7,15.6,40,63.2,162.6,0,23.9,23.28,118.64,8,6,1
397,18.59,15.79,18.1,12.93,6.93,5.17,10.01,7.26,94.7,86.7,74.7,90.8,100.0,59.4,31.0,23.7,35.7,34.0,20.9,14.2,42,59.5,160.0,0,23.24,22.89,115.86,8,5,1
398,20.3,17.11,18.59,14.63,7.15,5.39,10.12,7.59,98.2,84.0,62.9,76.8,95.5,52.8,26.4,23.1,34.6,32.3,20.4,14.7,40,56.8,168.9,0,19.91,15.62,72.7,6,4,3
399,19.2,15.4,18.21,14.36,6.93,5.28,10.34,6.71,101.5,86.0,70.6,91.9,101.9,62.0,29.1,24.2,37.2,33.1,19.9,15.0,44,64.1,165.1,0,23.52,23.39,119.11,8,4,1
400,19.31,15.57,16.34,15.02,7.15,5.12,9.74,7.59,96.6,84.5,61.6,81.0,87.6,51.6,27.4,23.7,32.4,32.9,20.3,14.6,30,50.0,162.6,0,18.91,14.29,64.26,5,5,3
401,20.57,16.61,18.81,15.57,7.26,5.5,10.78,7.76,106.1,91.2,74.2,98.2,102.6,61.5,31.4,25.0,37.6,41.9,24.3,15.4,28,72.3,165.1,0,26.52,26.74,140.17,9,7,0
402,20.3,15.13,17.11,14.63,7.04,5.39,9.9,7.7,100.1,81.1,65.5,82.3,90.4,53.3,26.8,22.3,34.2,33.4,21.5,14.5,37,55.0,166.4,0,19.86,16.38,76.89,6,4,3
403,19.8,15.4,16.72,14.52,6.71,5.06,9.68,7.04,105.3,87.6,67.7,84.2,92.0,54.3,28.2,23.8,33.0,32.7,18.8,14.7,40,55.9,160.0,0,21.84,19.53,95.86,7,4,2
404,18.1,14.63,17.71,13.86,6.6,4.62,10.67,6.6,99.8,88.2,72.9,97.4,102.2,60.1,29.9,24.1,33.8,33.5,21.0,15.1,45,60.4,152.4,0,26.01,28.32,148.27,10,6,0
405,21.07,17.44,20.57,15.68,7.26,5.12,10.23,7.59,103.9,88.2,72.1,96.3,106.7,62.0,27.3,23.1,34.6,35.6,23.5,14.7,35,69.1,170.2,0,23.85,23.53,120.38,8,4,1
406,20.68,16.89,19.58,17.71,7.7,5.83,11.66,7.98,111.0,104.2,93.4,111.1,109.8,67.7,35.7,28.6,41.5,38.6,22.3,17.3,41,84.5,162.6,0,31.96,36.86,201.24,11,8,0
407,20.19,15.4,17.44,15.02,7.21,5.83,10.12,7.37,99.0,84.8,60.7,78.0,89.1,52.6,26.6,22.8,32.5,34.6,21.2,14.1,27,55.9,170.2,0,19.3,13.74,61.64,5,4,4
408,21.39,13.86,17.33,13.31,7.1,5.39,9.9,7.04,102.5,84.3,69.2,85.3,93.0,53.9,27.9,23.7,35.5,33.1,21.9,15.1,20,55.5,158.8,0,22.01,18.45,89.8,7,5,1
409,20.79,15.4,17.6,15.57,6.99,5.39,9.96,7.26,105.6,91.0,75.5,90.7,98.6,62.7,31.5,24.8,37.2,35.4,20.3,14.6,24,69.5,172.7,0,23.3,20.48,102.8,7,4,2
410,20.9,17.44,18.1,13.86,6.82,5.5,10.78,7.59,99.5,90.5,85.6,111.7,112.1,64.3,31.3,25.0,35.5,38.0,21.0,14.6,36,76.4,167.6,0,27.2,30.7,163.24,10,5,0
411,21.29,16.72,17.22,14.74,6.82,5.5,10.67,7.48,106.5,89.6,71.6,92.7,95.0,56.8,27.2,24.3,36.2,35.8,20.1,14.6,27,61.4,162.6,0,23.22,21.55,108.39,8,5,1
412,20.41,14.91,17.93,14.63,7.26,5.67,10.45,7.92,104.1,89.3,75.5,98.9,100.2,57.8,30.3,23.8,37.3,37.0,22.5,15.1,32,65.9,167.6,0,23.46,23.22,118.21,8,5,1
413,19.69,16.61,18.43,15.13,6.82,5.17,10.12,7.15,99.7,90.0,73.7,92.7,101.2,57.4,28.1,23.3,33.9,33.3,21.2,14.9,64,58.6,156.2,0,24.02,26.2,135.02,9,5,0
414,21.18,16.72,19.31,15.02,7.59,5.88,10.45,7.92,106.6,88.2,67.9,86.9,100.8,60.2,31.0,26.6,36.6,38.5,22.2,16.0,21,66.8,175.2,0,21.76,17.7,86.03,6,5,3
415,21.18,16.94,19.31,15.02,7.21,5.83,10.23,7.81,97.2,83.5,71.2,83.0,96.5,52.4,25.2,21.7,33.7,32.1,21.0,15.0,32,56.6,172.1,0,19.11,14.95,68.5,5,3,4
416,19.8,16.61,18.1,15.29,6.82,5.28,10.12,7.81,100.8,91.0,69.3,85.9,93.2,55.4,29.7,24.1,34.8,34.6,21.5,14.6,35,58.6,162.6,0,22.16,19.59,96.54,7,5,2
417,18.7,14.52,16.45,15.13,6.49,5.17,9.52,6.82,100.7,88.2,75.6,94.7,95.8,58.5,30.0,22.2,34.6,32.6,19.9,13.7,41,55.9,160.0,0,21.84,21.53,107.21,8,4,2
418,21.07,14.63,18.32,14.52,7.21,5.94,11.0,7.59,99.1,82.2,63.8,81.8,97.6,59.0,27.8,23.6,35.9,35.5,22.6,15.4,40,59.1,165.1,0,21.68,19.01,92.99,7,5,2
419,21.29,18.32,18.59,16.61,7.7,5.78,10.39,8.14,108.9,98.9,83.6,108.6,108.3,63.0,31.9,26.0,38.1,36.4,24.5,16.0,29,81.8,182.9,0,24.45,24.65,127.71,8,4,2
420,20.3,15.95,18.43,16.61,6.99,5.28,10.23,7.81,109.8,97.9,84.9,98.0,102.4,59.9,32.0,25.7,37.6,33.7,21.6,15.5,40,70.7,166.4,0,25.53,26.12,136.05,9,5,1
421,19.69,14.63,17.11,13.59,6.82,5.28,9.85,7.59,99.5,81.7,66.0,85.0,94.3,56.4,28.0,21.1,32.1,34.3,21.0,14.4,24,56.8,165.1,0,20.84,17.09,81.54,6,4,2
422,20.19,15.95,17.6,14.08,6.82,5.5,10.23,7.15,100.5,86.1,68.3,85.3,96.5,55.1,26.0,22.6,33.9,33.7,21.8,15.0,23,60.0,177.8,0,18.98,14.1,63.78,5,3,4
423,20.19,15.4,17.11,15.13,7.1,5.5,9.85,7.7,97.4,87.1,63.8,88.3,94.0,56.1,28.1,24.0,33.1,35.2,22.1,16.0,41,58.2,165.1,0,21.35,19.55,95.85,7,5,2
424,20.68,17.22,18.43,13.97,6.82,5.17,10.56,6.33,105.0,76.8,73.6,106.3,106.2,61.7,31.4,26.2,39.6,39.1,24.8,16.2,44,72.7,175.3,0,23.66,25.94,134.11,9,4,2
425,19.31,13.04,17.11,14.25,7.04,5.5,9.74,7.04,102.9,87.9,76.3,93.8,98.6,55.5,31.2,23.0,32.3,31.3,20.3,15.1,53,54.1,154.9,0,22.55,23.62,119.37,9,6,1
426,19.41,12.82,15.57,13.59,6.82,5.61,9.41,7.37,93.9,81.6,58.8,77.4,89.3,51.6,25.4,22.4,33.8,32.4,21.0,14.8,19,49.1,158.8,0,19.47,13.72,61.23,5,4,3
427,21.18,14.63,18.7,14.63,7.59,5.88,11.0,8.53,114.2,92.3,78.0,100.9,106.9,65.5,31.7,26.3,38.5,39.7,22.8,15.6,24,75.9,172.7,0,25.45,25.04,130.14,9,6,1
428,20.79,16.17,17.71,15.13,6.49,5.39,10.01,7.59,95.9,81.3,64.5,80.8,91.9,53.4,25.1,23.1,34.6,32.7,21.4,14.6,25,55.0,168.9,0,19.28,14.29,64.73,5,3,3
429,19.31,14.08,16.45,13.7,6.93,5.28,10.01,6.88,98.7,82.2,65.8,80.2,89.1,55.4,28.4,22.9,33.6,35.0,19.7,14.8,20,57.3,161.3,0,22.02,17.45,84.22,7,5,2
430,17.82,16.61,18.59,14.08,6.71,5.61,9.85,7.37,91.2,78.6,62.5,84.5,95.5,57.3,27.4,22.4,35.1,35.7,20.4,14.8,34,55.0,167.6,0,19.58,16.32,76.41,6,4,3
431,21.56,17.22,18.59,16.34,7.26,5.28,9.79,7.92,105.1,94.3,77.5,93.9,101.1,61.6,28.3,23.0,36.5,34.6,21.9,14.7,32,65.5,165.1,0,24.03,23.02,117.37,8,5,1
432,21.07,16.94,19.58,14.74,7.48,5.72,10.45,7.48,102.3,89.5,70.0,89.6,98.9,55.0,29.3,25.0,35.6,36.6,22.5,16.4,24,65.5,175.3,0,21.31,17.79,86.24,6,5,3
433,18.1,11.5,15.68,12.65,6.71,5.0,8.8,6.99,93.1,81.0,59.4,73.7,83.3,50.2,26.9,22.5,31.7,30.7,20.5,15.2,29,48.6,157.5,0,19.59,14.01,62.91,5,4,3
434,20.9,15.57,17.11,14.36,6.71,5.61,9.52,7.15,101.7,85.4,68.3,84.0,94.0,57.3,29.8,24.7,32.7,34.3,21.7,15.4,31,58.6,163.8,0,21.84,18.69,91.22,7,4,2
435,20.79,17.6,18.59,14.63,7.37,5.72,10.34,7.37,105.0,86.2,77.9,96.0,100.1,60.7,28.4,24.3,34.7,34.5,20.9,14.9,34,63.6,167.6,0,22.64,21.97,110.59,8,5,2
436,18.81,16.06,17.11,14.25,7.04,5.39,9.68,7.37,96.4,85.3,68.3,88.0,93.8,54.7,27.7,24.4,32.7,33.0,19.6,14.9,36,55.2,165.1,0,20.25,17.75,84.88,7,4,3
437,20.68,17.22,19.41,15.02,6.22,5.17,10.39,7.59,103.5,86.1,72.0,91.9,103.9,57.5,27.4,22.4,36.3,37.9,23.4,14.5,32,62.7,165.1,0,23.0,21.76,109.51,8,4,1
438,19.41,13.97,17.22,13.97,6.82,5.5,9.62,7.48,99.8,84.5,62.7,78.3,93.5,52.5,24.2,23.3,32.8,36.1,22.0,14.8,39,56.6,168.9,0,19.84,15.65,72.81,6,3,3
439,19.2,15.02,17.71,13.97,6.93,4.95,9.57,6.71,87.0,72.6,58.0,82.9,90.2,52.5,23.1,21.0,35.5,36.4,20.3,13.0,37,53.9,162.6,0,20.39,17.63,84.2,7,4,2
440,20.57,17.6,19.09,14.25,7.15,5.5,10.12,7.37,105.2,90.0,72.7,97.2,100.2,57.9,30.5,23.7,36.3,34.3,20.5,14.8,52,63.2,164.5,0,23.36,24.64,126.08,9,5,1
441,19.91,17.11,19.09,14.74,7.1,5.72,10.23,7.7,102.1,95.8,85.4,105.2,109.5,68.3,29.7,24.5,40.3,37.0,22.4,15.3,24,73.6,176.5,0,23.63,23.24,118.86,8,4,2
442,21.39,15.95,18.21,14.25,6.71,5.61,10.34,7.59,101.3,85.5,67.3,86.9,97.6,58.8,27.2,22.6,38.3,35.6,21.0,14.6,33,62.0,168.9,0,21.73,19.06,93.46,7,4,2
443,19.8,16.72,18.1,13.59,7.37,5.78,10.73,7.48,99.6,85.7,70.8,92.1,96.9,57.9,29.3,24.2,36.5,35.3,20.3,15.4,42,63.6,175.3,0,20.7,19.12,93.38,7,4,3
444,18.32,14.25,16.45,14.08,6.6,5.06,9.68,7.1,99.4,85.4,67.4,85.9,90.3,54.7,26.9,22.3,32.8,29.5,18.7,13.7,34,53.2,159.4,0,20.94,18.24,87.9,7,4,2
445,20.57,16.17,17.93,14.91,7.37,5.61,10.12,7.76,99.4,79.1,66.0,85.0,94.8,57.4,26.8,22.9,32.2,32.6,19.2,14.6,37,53.4,160.0,0,20.86,18.56,89.68,7,5,2
446,19.09,16.17,17.33,13.7,7.37,5.28,10.12,7.37,99.0,84.4,63.6,84.9,92.7,54.4,26.7,23.7,33.5,33.6,20.2,14.6,39,55.0,170.2,0,18.99,15.69,72.51,6,4,4
447,21.29,15.4,19.09,15.68,7.48,5.72,11.22,7.87,108.2,90.0,71.7,95.8,108.4,68.5,28.7,25.9,40.5,39.5,23.3,15.6,41,70.5,162.6,0,26.67,27.96,147.07,9,7,0
448,19.91,15.57,17.22,13.97,6.71,5.28,9.24,7.1,96.4,82.9,73.6,86.9,94.7,52.9,25.0,21.0,31.6,30.2,19.3,13.6,36,54.5,167.6,0,19.4,16.5,77.34,6,2,3
449,20.68,15.29,17.11,14.25,7.1,5.28,9.46,7.59,101.4,87.3,66.9,83.3,90.6,54.4,28.9,23.8,33.9,33.9,20.8,15.5,19,54.5,162.6,0,20.61,15.89,74.44,6,5,2
450,19.2,14.36,15.95,14.08,6.6,5.06,9.52,7.26,98.2,85.3,65.5,76.7,90.8,56.4,27.3,24.3,33.1,35.0,20.7,14.2,22,55.9,160.7,0,21.65,16.46,78.34,6,5,2
451,19.09,13.59,17.6,13.86,7.04,5.72,10.12,7.59,100.6,87.3,70.4,91.1,96.7,55.6,29.9,23.7,35.3,33.8,23.0,16.3,23,59.0,160.0,0,23.05,20.97,104.86,8,5,1
452,18.7,14.74,17.71,15.79,6.16,5.0,9.57,7.1,108.4,93.2,80.3,98.0,101.2,61.2,31.0,23.6,34.6,35.6,20.0,14.3,36,63.6,157.5,0,25.64,26.65,138.75,9,5,0
453,20.79,15.68,18.43,14.91,7.1,5.72,10.23,7.37,100.8,84.7,65.0,84.5,94.7,54.8,28.9,24.4,34.7,34.8,22.5,15.3,45,54.5,162.6,0,20.61,18.51,89.32,7,5,2
454,19.31,15.29,16.83,14.74,6.38,5.28,9.46,6.6,94.8,78.0,60.4,79.2,87.0,49.5,26.8,22.7,33.2,31.5,18.8,14.7,25,47.3,152.4,0,20.37,16.03,74.68,6,5,2
455,21.56,16.45,19.2,14.52,7.87,5.94,10.78,7.92,108.2,90.7,75.3,96.3,103.6,59.9,31.5,25.4,35.7,35.8,21.1,16.3,67,67.7,170.2,0,23.37,25.49,131.18,9,6,1
456,19.31,16.45,19.41,15.68,7.59,5.78,11.0,7.87,110.7,95.0,83.4,100.5,107.5,67.4,34.2,28.3,40.9,41.2,23.4,15.6,26,80.9,165.1,0,29.68,30.91,166.0,10,7,0
457,20.41,16.06,17.6,14.36,7.26,5.61,10.56,7.92,102.6,88.7,72.2,87.8,96.1,61.1,29.5,24.6,39.1,38.7,26.0,15.5,21,70.5,172.7,0,23.64,20.16,101.2,7,5,2
458,19.69,16.17,16.94,14.63,6.71,5.94,9.68,7.37,98.1,86.6,70.1,86.2,97.6,55.6,27.6,23.7,34.9,32.0,21.1,15.3,33,60.9,165.1,0,22.34,19.85,98.2,7,4,2
459,19.41,14.74,17.44,12.82,6.33,5.06,9.79,6.93,92.0,82.5,69.8,86.4,100.2,59.0,26.7,23.3,33.5,33.1,19.6,14.2,25,63.6,170.2,0,21.96,18.67,91.47,7,3,2
460,20.68,14.74,17.11,13.2,6.49,5.61,10.12,7.04,98.6,81.4,66.4,78.5,91.6,54.6,24.2,21.2,33.0,34.3,20.2,15.0,24,54.5,170.2,0,18.81,13.16,58.05,5,3,4
461,19.69,15.95,16.83,13.31,6.82,5.78,9.85,7.37,96.1,79.9,61.7,79.7,94.7,56.5,25.5,23.2,36.7,36.2,22.0,14.8,21,59.1,170.2,0,20.4,15.21,70.75,6,4,3
462,19.8,16.06,18.43,15.29,6.38,5.78,10.29,7.81,107.7,91.1,76.4,98.3,107.0,64.5,32.8,24.8,36.5,36.2,23.9,15.5,35,70.5,161.3,0,27.1,28.45,150.14,10,5,0
463,19.58,15.57,15.4,13.04,6.44,5.28,9.02,7.15,95.4,80.1,63.8,72.5,86.3,51.5,24.4,22.0,32.0,32.6,21.0,14.0,27,52.7,167.6,0,18.76,12.32,53.15,4,2,4
464,20.41,15.29,17.44,14.52,6.82,5.72,10.01,7.26,99.3,86.4,70.2,86.7,97.8,58.5,28.3,24.9,35.5,36.3,21.4,15.3,27,62.7,167.6,0,22.32,19.28,95.07,7,4,2
465,19.58,16.61,18.1,14.74,7.15,6.05,11.33,7.87,115.2,105.2,88.2,106.5,107.9,63.1,30.3,25.2,39.2,38.4,23.1,16.4,26,86.3,165.1,0,31.66,34.07,185.3,11,6,0
466,19.31,16.17,18.21,15.02,7.04,5.67,10.29,7.48,96.7,91.1,75.8,94.4,103.3,60.5,30.4,24.8,36.8,35.9,21.8,15.5,25,66.4,162.6,0,25.11,24.22,124.79,9,6,0
467,19.69,14.74,16.72,14.08,6.82,5.67,9.62,7.15,109.0,96.7,81.5,94.1,94.9,54.8,31.2,25.8,34.4,37.3,21.8,14.6,44,67.3,152.4,0,28.98,31.08,165.9,10,6,0
468,20.57,16.17,17.44,14.25,6.71,5.94,10.67,7.87,95.1,80.5,67.4,77.7,95.1,56.3,27.0,24.3,36.2,36.7,23.7,15.9,29,63.0,168.9,0,22.08,17.67,85.82,7,4,2
469,21.39,15.68,18.7,15.13,7.32,5.67,10.51,7.81,108.4,90.4,78.3,95.4,104.9,63.1,32.8,27.0,39.4,39.1,23.0,16.5,26,73.6,170.2,0,25.41,24.4,126.36,8,6,1
470,20.57,15.95,18.1,12.93,6.99,5.5,10.01,7.59,98.2,84.1,65.9,83.7,96.3,57.0,26.6,23.7,35.6,34.0,21.7,15.1,23,62.3,175.2,0,20.3,15.59,73.06,6,3,3
471,20.68,15.57,16.17,13.97,7.26,5.5,9.79,7.81,99.7,84.2,62.4,81.4,90.4,53.2,25.8,23.0,34.5,31.0,19.2,14.7,32,57.7,175.2,0,18.8,14.0,63.02,5,3,4
472,19.31,14.63,16.06,13.42,6.49,5.17,9.35,6.71,94.4,82.5,65.6,81.8,92.8,56.2,28.8,24.7,33.0,34.6,21.7,15.8,32,55.4,160.0,0,21.64,18.39,89.27,7,5,2
473,20.9,18.32,20.79,15.57,8.25,6.33,12.43,7.59,127.1,106.9,96.2,121.1,128.3,72.3,35.9,30.6,49.0,45.4,24.1,17.8,43,104.1,165.1,0,38.19,46.71,261.51,14,9,0
474,20.19,13.86,16.06,13.31,6.6,4.95,9.35,6.49,94.9,79.9,62.5,74.0,87.6,51.6,25.7,21.9,31.7,34.7,18.5,13.9,32,55.5,174.0,0,18.33,12.29,52.9,4,3,4
475,19.58,16.45,18.43,13.7,7.26,6.05,10.56,7.59,98.9,93.0,80.5,98.8,107.2,63.0,34.1,27.6,38.8,38.2,22.2,16.3,41,77.3,170.2,0,26.68,27.8,146.56,9,6,0
476,19.58,16.94,18.59,14.91,6.82,5.61,10.01,7.7,106.4,96.3,86.1,107.4,112.0,69.4,31.7,25.5,39.4,38.7,23.7,16.3,33,80.5,160.0,0,31.45,35.48,192.88,11,6,0
477,19.58,15.02,17.44,15.02,6.82,5.39,9.68,6.99,102.2,86.8,71.3,85.7,94.0,59.2,31.1,24.4,35.9,34.4,21.2,14.2,28,64.5,167.6,0,22.96,19.89,98.96,7,4,2
478,20.79,15.95,17.82,15.68,6.99,5.0,10.01,7.26,110.3,95.3,79.4,90.9,102.7,63.0,29.9,24.9,38.7,36.3,21.3,15.5,28,72.3,167.6,0,25.74,24.13,124.93,8,5,0
479,22.5,15.79,16.06,15.02,7.1,5.28,9.24,7.37,107.3,93.0,72.3,89.0,92.0,54.7,28.8,23.2,35.0,34.2,20.5,14.8,25,61.4,167.6,0,21.86,18.55,90.59,7,4,2
480,18.7,14.25,16.17,13.31,6.27,5.28,9.13,6.93,95.0,86.4,67.4,86.7,98.4,59.1,29.3,23.1,35.6,37.4,22.5,14.4,38,58.2,154.9,0,24.26,23.38,119.16,9,5,0
481,19.2,17.22,17.44,17.33,7.15,5.28,9.79,7.54,115.6,109.0,94.2,110.5,103.5,57.8,35.7,25.6,34.8,35.5,19.5,15.0,37,81.8,162.6,0,30.94,34.79,188.76,11,6,0
482,19.69,17.33,17.93,13.86,7.1,5.39,9.85,7.37,99.3,86.2,67.0,85.3,96.7,56.2,27.0,22.3,37.0,33.0,21.6,15.0,25,63.6,175.3,0,20.7,16.45,78.21,6,3,3
483,20.08,15.13,16.94,13.48,6.38,5.28,9.35,6.44,93.1,85.3,69.5,86.2,90.6,51.7,24.4,22.1,33.9,30.8,19.9,14.1,37,53.4,171.4,0,18.18,14.62,65.96,5,2,4
484,18.1,14.74,15.79,13.42,6.05,4.73,9.02,6.93,94.9,84.2,66.4,79.3,92.0,53.4,24.9,22.3,32.5,31.7,21.7,13.4,27,54.5,157.5,0,21.97,17.98,87.04,7,3,1
485,20.3,15.68,17.33,15.29,6.38,5.39,9.46,7.1,100.0,83.7,67.6,84.1,90.4,52.4,25.6,23.0,34.5,32.5,21.7,14.6,27,53.6,165.1,0,19.66,15.54,71.95,6,3,3
486,19.69,16.17,17.6,14.25,6.49,5.39,9.9,6.99,98.6,86.5,66.6,87.5,96.7,59.3,27.3,24.0,36.0,34.9,21.4,14.6,20,60.0,160.0,0,23.44,20.61,103.1,8,5,1
487,21.67,15.57,16.61,16.34,7.04,5.78,10.73,7.92,107.2,98.2,69.7,86.0,94.9,59.1,29.9,25.0,37.7,37.7,23.7,16.2,19,73.6,174.0,0,24.31,20.01,100.83,7,5,1
488,20.08,15.57,16.34,14.52,6.6,5.5,9.41,7.04,98.3,88.0,72.0,86.0,95.5,57.3,27.6,23.3,35.2,31.9,19.6,15.4,32,61.4,162.6,0,23.22,20.87,104.52,8,4,1
489,19.69,15.02,15.68,12.93,6.16,5.61,9.62,7.1,92.4,80.4,64.5,81.7,88.4,52.4,25.5,23.0,34.5,32.7,20.3,14.9,26,55.5,174.0,0,18.33,13.13,57.7,5,2,4
490,18.92,16.34,17.44,13.59,6.93,5.61,9.74,6.82,93.0,86.0,72.3,91.7,97.8,59.1,31.0,26.3,39.9,39.7,21.6,15.4,56,63.6,162.6,0,24.06,25.11,129.15,9,6,1
491,20.08,14.63,16.94,13.7,6.93,5.88,9.35,7.15,99.5,86.4,69.1,87.8,95.4,59.5,28.3,24.7,35.6,34.6,23.0,16.6,23,60.9,161.3,0,23.41,20.79,104.12,8,5,1
492,21.18,14.08,17.44,14.08,6.49,5.61,9.24,7.1,92.8,87.6,74.7,77.0,97.7,57.0,28.1,23.1,34.4,32.7,20.9,15.2,19,60.0,156.2,0,24.59,20.36,102.25,8,4,0
493,19.41,13.97,15.68,13.7,5.83,5.72,9.35,6.93,95.9,80.9,60.8,77.4,84.6,51.0,26.8,22.8,34.4,33.1,21.0,15.4,31,46.8,149.9,0,20.83,16.75,79.02,7,5,1
494,19.91,15.79,15.29,13.04,6.82,5.61,9.85,7.26,96.1,82.1,66.9,82.4,91.6,53.4,26.2,22.6,35.0,35.2,22.4,15.2,34,57.3,169.5,0,19.94,16.1,75.48,6,4,3
495,19.2,15.79,18.1,14.74,7.37,5.94,9.85,7.1,98.5,89.3,68.8,90.8,103.3,63.0,29.6,25.1,34.4,35.0,21.0,15.9,34,64.1,160.0,0,25.04,24.48,126.14,9,6,0
496,21.29,16.34,17.6,14.52,7.04,5.78,10.12,7.59,103.8,85.3,63.7,85.3,96.3,55.5,26.4,23.0,36.5,34.1,21.3,15.0,24,63.6,175.3,0,20.7,16.39,77.88,6,3,3
497,20.68,13.86,15.95,14.91,7.7,6.05,10.39,7.26,105.0,89.0,71.2,86.1,93.5,56.1,30.2,24.4,37.0,37.5,22.6,15.7,22,67.3,169.5,0,23.42,19.81,98.93,7,6,1
498,19.09,16.17,18.43,13.97,6.82,5.94,11.11,7.04,100.2,94.1,79.6,103.5,104.3,66.5,36.9,29.0,40.3,37.9,24.6,16.4,34,75.5,160.0,0,29.49,32.28,173.41,10,7,0
499,20.79,16.34,17.22,14.63,7.37,6.16,10.12,7.81,99.1,90.8,77.9,90.6,96.3,56.2,28.1,24.3,38.2,36.6,22.3,15.4,30,68.2,172.7,0,22.87,20.4,102.03,7,4,2
500,21.89,15.13,17.33,15.95,7.21,5.72,9.68,7.59,107.6,97.0,69.6,90.2,98.3,56.3,32.0,25.1,32.3,33.8,20.8,15.9,32,61.4,162.6,0,23.22,21.32,107.07,8,5,1
501,20.08,16.34,18.7,15.68,7.32,5.39,10.39,6.82,104.0,95.4,86.0,107.1,112.1,64.4,32.3,26.4,35.7,37.0,21.4,15.8,40,76.8,157.5,0,30.96,35.65,193.44,11,7,0
502,20.9,16.72,18.1,14.91,7.1,5.72,10.73,7.92,108.4,91.8,69.9,90.4,101.0,60.6,30.3,25.4,37.7,37.9,22.4,15.4,29,71.8,176.5,0,23.05,20.33,101.93,7,4,2
503,19.41,15.79,16.72,14.08,6.82,5.39,9.52,7.48,99.3,87.3,63.5,79.2,89.5,55.2,30.1,23.6,35.6,33.3,22.4,15.2,21,55.5,164.4,0,20.53,15.13,70.18,6,5,2
504,19.09,13.7,13.59,13.31,6.6,5.61,9.9,7.48,91.9,78.1,57.9,75.1,86.9,51.8,27.4,24.0,34.4,34.1,21.2,15.5,33,48.6,160.7,0,18.82,13.69,60.7,5,5,3
505,21.18,15.95,18.1,14.08,6.6,5.39,10.23,7.32,107.1,90.9,72.2,89.4,98.6,59.0,30.6,24.9,38.4,36.6,22.0,15.5,33,66.4,174.0,0,21.93,19.28,95.06,7,4,2
506,19.58,15.95,15.95,14.74,7.37,5.94,10.29,7.59,100.5,97.1,80.4,100.8,102.2,57.4,33.2,25.5,39.6,35.9,23.0,16.4,38,67.3,163.8,0,25.08,26.07,135.37,9,6,1
